factory_id,factory_lat,factory_lon,store_id,store_lat,store_lon,distance_km,travel_h
1,24.956048,102.918969,58,24.887839,102.825318,14.67,0.3119
1,24.956048,102.918969,49,24.880873,102.824558,15.75,0.3345
1,24.956048,102.918969,38,24.877277,102.825018,15.97,0.3358
1,24.956048,102.918969,43,24.856251,102.836921,18.39,0.3746
1,24.956048,102.918969,46,24.857566,102.860076,20.3,0.3583
1,24.956048,102.918969,64,24.953883,102.75418,23.46,0.3263
1,24.956048,102.918969,48,24.954918,102.754512,23.55,0.3312
1,24.956048,102.918969,54,24.976499,102.763515,24.32,0.3103
1,24.956048,102.918969,11,24.975782,102.761436,24.39,0.3126
1,24.956048,102.918969,33,24.967073,102.792852,24.45,0.3046
1,24.956048,102.918969,18,25.030005,102.734582,24.54,0.3057
1,24.956048,102.918969,41,25.029838,102.731797,24.64,0.3182
1,24.956048,102.918969,42,25.012332,102.741341,24.65,0.3114
1,24.956048,102.918969,31,24.902825,102.788144,25.01,0.327
1,24.956048,102.918969,61,24.903374,102.787903,25.01,0.327
1,24.956048,102.918969,24,25.036582,102.720998,25.26,0.326
1,24.956048,102.918969,32,25.037792,102.720133,25.33,0.3272
1,24.956048,102.918969,35,25.01759,102.720254,25.34,0.2997
1,24.956048,102.918969,8,25.017778,102.718046,25.58,0.3026
1,24.956048,102.918969,53,25.042435,102.722253,25.68,0.3391
1,24.956048,102.918969,51,24.951159,102.762866,26.15,0.3476
1,24.956048,102.918969,59,25.035963,102.712313,26.15,0.3408
1,24.956048,102.918969,5,25.036758,102.711479,26.25,0.3425
1,24.956048,102.918969,47,25.029787,102.723431,26.33,0.3202
1,24.956048,102.918969,15,24.946946,102.766473,26.35,0.3426
1,24.956048,102.918969,7,25.036777,102.709338,26.46,0.346
1,24.956048,102.918969,3,25.023279,102.713511,26.5,0.321
1,24.956048,102.918969,1,25.038232,102.709463,26.65,0.3607
1,24.956048,102.918969,6,25.038259,102.709537,26.65,0.3607
1,24.956048,102.918969,23,25.038231,102.709577,26.65,0.3607
1,24.956048,102.918969,4,25.033193,102.720373,26.66,0.3336
1,24.956048,102.918969,2,25.038431,102.708774,26.73,0.3633
1,24.956048,102.918969,36,25.039971,102.711598,26.79,0.3578
1,24.956048,102.918969,67,25.006243,102.735529,26.88,0.3338
1,24.956048,102.918969,34,25.021039,102.723025,26.92,0.3341
1,24.956048,102.918969,56,25.045098,102.714254,26.96,0.3546
1,24.956048,102.918969,9,25.040698,102.708656,27.02,0.3634
1,24.956048,102.918969,22,25.01892,102.721192,27.11,0.3406
1,24.956048,102.918969,14,25.044113,102.70872,27.4,0.3801
1,24.956048,102.918969,13,25.050038,102.713552,27.46,0.3672
1,24.956048,102.918969,20,25.039458,102.708842,27.67,0.3761
1,24.956048,102.918969,27,25.03954,102.708709,27.67,0.3761
1,24.956048,102.918969,12,25.036139,102.711831,27.75,0.3676
1,24.956048,102.918969,16,25.007315,102.709421,27.8,0.3539
1,24.956048,102.918969,45,25.035975,102.712825,27.83,0.3689
1,24.956048,102.918969,26,25.032488,102.709097,27.89,0.3595
1,24.956048,102.918969,52,25.020036,102.709004,27.93,0.3573
1,24.956048,102.918969,62,25.056526,102.734395,27.93,0.3435
1,24.956048,102.918969,39,25.006938,102.710096,27.96,0.3579
1,24.956048,102.918969,66,24.977922,102.713,27.98,0.3752
1,24.956048,102.918969,19,25.049371,102.707042,28.19,0.3785
1,24.956048,102.918969,65,25.045393,102.699744,28.27,0.3946
1,24.956048,102.918969,50,25.065918,102.723109,28.43,0.3825
1,24.956048,102.918969,21,25.054849,102.704789,28.82,0.3965
1,24.956048,102.918969,29,25.048151,102.698887,28.98,0.3922
1,24.956048,102.918969,25,25.044307,102.698815,29.01,0.3914
1,24.956048,102.918969,30,24.993108,102.684326,31.48,0.4204
1,24.956048,102.918969,10,25.008485,102.683689,32.14,0.4114
1,24.956048,102.918969,28,24.985728,102.675479,32.37,0.4452
1,24.956048,102.918969,44,25.037148,102.662709,33.08,0.4147
1,24.956048,102.918969,57,24.967684,102.666279,33.52,0.4861
1,24.956048,102.918969,55,24.992294,102.684547,33.9,0.4267
1,24.956048,102.918969,60,25.102171,102.731267,33.95,0.4378
1,24.956048,102.918969,63,25.103131,102.733174,34.45,0.447
1,24.956048,102.918969,40,25.107158,102.728729,35.72,0.4577
1,24.956048,102.918969,37,25.062727,102.656527,35.9,0.4603
1,24.956048,102.918969,68,24.671241,102.915366,45.15,0.6001
2,24.887129,103.177564,68,24.671241,102.915366,43.81,0.4786
4,24.870395,103.361559,75,25.036577,103.66915,42.49,0.5034
5,25.062277,102.662083,37,25.062727,102.656527,1.36,0.0388
5,25.062277,102.662083,44,25.037148,102.662709,3.27,0.087
5,25.062277,102.662083,25,25.044307,102.698815,5.66,0.1015
5,25.062277,102.662083,29,25.048151,102.698887,5.69,0.1037
5,25.062277,102.662083,21,25.054849,102.704789,6.6,0.1343
5,25.062277,102.662083,20,25.039458,102.708842,6.81,0.1302
5,25.062277,102.662083,27,25.03954,102.708709,6.81,0.1302
5,25.062277,102.662083,19,25.049371,102.707042,6.87,0.1227
5,25.062277,102.662083,65,25.045393,102.699744,7.01,0.1354
5,25.062277,102.662083,56,25.045098,102.714254,7.1,0.1228
5,25.062277,102.662083,12,25.036139,102.711831,7.65,0.1321
5,25.062277,102.662083,13,25.050038,102.713552,7.65,0.1367
5,25.062277,102.662083,45,25.035975,102.712825,7.73,0.1334
5,25.062277,102.662083,26,25.032488,102.709097,7.85,0.1419
5,25.062277,102.662083,36,25.039971,102.711598,7.93,0.1437
5,25.062277,102.662083,50,25.065918,102.723109,7.94,0.1405
5,25.062277,102.662083,14,25.044113,102.70872,8.08,0.154
5,25.062277,102.662083,9,25.040698,102.708656,8.15,0.1493
5,25.062277,102.662083,1,25.038232,102.709463,8.33,0.1582
5,25.062277,102.662083,6,25.038259,102.709537,8.33,0.1582
5,25.062277,102.662083,23,25.038231,102.709577,8.33,0.1582
5,25.062277,102.662083,59,25.035963,102.712313,8.35,0.1438
5,25.062277,102.662083,2,25.038431,102.708774,8.41,0.1608
5,25.062277,102.662083,5,25.036758,102.711479,8.45,0.1455
5,25.062277,102.662083,7,25.036777,102.709338,8.66,0.1489
5,25.062277,102.662083,3,25.023279,102.713511,8.72,0.153
5,25.062277,102.662083,53,25.042435,102.722253,8.81,0.1573
5,25.062277,102.662083,24,25.036582,102.720998,9.21,0.1581
5,25.062277,102.662083,32,25.037792,102.720133,9.28,0.1593
5,25.062277,102.662083,47,25.029787,102.723431,9.65,0.1653
5,25.062277,102.662083,4,25.033193,102.720373,9.96,0.178
5,25.062277,102.662083,34,25.021039,102.723025,10.04,0.1792
5,25.062277,102.662083,22,25.01892,102.721192,10.06,0.18
5,25.062277,102.662083,41,25.029838,102.731797,10.44,0.181
5,25.062277,102.662083,16,25.007315,102.709421,10.64,0.1628
5,25.062277,102.662083,52,25.020036,102.709004,10.77,0.1663
5,25.062277,102.662083,10,25.008485,102.683689,11.01,0.1738
5,25.062277,102.662083,39,25.006938,102.710096,11.02,0.1744
5,25.062277,102.662083,35,25.01759,102.720254,11.17,0.1888
5,25.062277,102.662083,8,25.017778,102.718046,11.41,0.1917
5,25.062277,102.662083,18,25.030005,102.734582,11.42,0.2057
5,25.062277,102.662083,60,25.102171,102.731267,11.52,0.1869
5,25.062277,102.662083,40,25.107158,102.728729,11.62,0.1816
5,25.062277,102.662083,62,25.056526,102.734395,12.21,0.1749
5,25.062277,102.662083,63,25.103131,102.733174,12.33,0.2014
5,25.062277,102.662083,55,24.992294,102.684547,12.77,0.189
5,25.062277,102.662083,30,24.993108,102.684326,13.28,0.1976
5,25.062277,102.662083,67,25.006243,102.735529,13.36,0.1914
5,25.062277,102.662083,42,25.012332,102.741341,13.6,0.2041
5,25.062277,102.662083,28,24.985728,102.675479,14.11,0.2213
5,25.062277,102.662083,66,24.977922,102.713,16.15,0.2696
5,25.062277,102.662083,54,24.976499,102.763515,18.29,0.2946
5,25.062277,102.662083,11,24.975782,102.761436,18.36,0.2968
5,25.062277,102.662083,57,24.967684,102.666279,18.65,0.2449
5,25.062277,102.662083,64,24.953883,102.75418,20.74,0.3054
5,25.062277,102.662083,48,24.954918,102.754512,20.87,0.3117
5,25.062277,102.662083,51,24.951159,102.762866,23.08,0.3429
5,25.062277,102.662083,15,24.946946,102.766473,23.27,0.3379
5,25.062277,102.662083,33,24.967073,102.792852,25.37,0.3191
5,25.062277,102.662083,31,24.902825,102.788144,29.83,0.3602
5,25.062277,102.662083,61,24.903374,102.787903,29.83,0.3602
5,25.062277,102.662083,38,24.877277,102.825018,33.73,0.3914
5,25.062277,102.662083,49,24.880873,102.824558,34.51,0.4069
5,25.062277,102.662083,58,24.887839,102.825318,35.45,0.4187
5,25.062277,102.662083,43,24.856251,102.836921,36.04,0.4281
5,25.062277,102.662083,46,24.857566,102.860076,38.94,0.5048
6,24.910565,102.848473,58,24.887839,102.825318,4.78,0.0862
6,24.910565,102.848473,49,24.880873,102.824558,5.86,0.1089
6,24.910565,102.848473,38,24.877277,102.825018,6.08,0.1102
6,24.910565,102.848473,46,24.857566,102.860076,7.7,0.1834
6,24.910565,102.848473,43,24.856251,102.836921,8.5,0.1489
6,24.910565,102.848473,31,24.902825,102.788144,10.2,0.1877
6,24.910565,102.848473,61,24.903374,102.787903,10.2,0.1877
6,24.910565,102.848473,33,24.967073,102.792852,13.12,0.2352
6,24.910565,102.848473,51,24.951159,102.762866,15.77,0.2793
6,24.910565,102.848473,15,24.946946,102.766473,15.96,0.2743
6,24.910565,102.848473,64,24.953883,102.75418,16.0,0.2549
6,24.910565,102.848473,48,24.954918,102.754512,16.09,0.2599
6,24.910565,102.848473,54,24.976499,102.763515,16.79,0.2819
6,24.910565,102.848473,11,24.975782,102.761436,16.85,0.2841
6,24.910565,102.848473,66,24.977922,102.713,21.18,0.3539
6,24.910565,102.848473,18,25.030005,102.734582,22.42,0.3081
6,24.910565,102.848473,42,25.012332,102.741341,22.53,0.3139
6,24.910565,102.848473,35,25.01759,102.720254,23.23,0.3021
6,24.910565,102.848473,8,25.017778,102.718046,23.46,0.305
6,24.910565,102.848473,41,25.029838,102.731797,23.49,0.3208
6,24.910565,102.848473,24,25.036582,102.720998,24.11,0.3286
6,24.910565,102.848473,32,25.037792,102.720133,24.18,0.3298
6,24.910565,102.848473,47,25.029787,102.723431,24.21,0.3227
6,24.910565,102.848473,3,25.023279,102.713511,24.38,0.3235
6,24.910565,102.848473,53,25.042435,102.722253,24.53,0.3417
6,24.910565,102.848473,4,25.033193,102.720373,24.55,0.3361
6,24.910565,102.848473,30,24.993108,102.684326,24.67,0.3991
6,24.910565,102.848473,67,25.006243,102.735529,24.76,0.3363
6,24.910565,102.848473,34,25.021039,102.723025,24.8,0.3366
6,24.910565,102.848473,22,25.01892,102.721192,24.99,0.343
6,24.910565,102.848473,59,25.035963,102.712313,25.0,0.3434
6,24.910565,102.848473,5,25.036758,102.711479,25.1,0.3451
6,24.910565,102.848473,7,25.036777,102.709338,25.31,0.3486
6,24.910565,102.848473,1,25.038232,102.709463,25.5,0.3632
6,24.910565,102.848473,6,25.038259,102.709537,25.5,0.3632
6,24.910565,102.848473,23,25.038231,102.709577,25.5,0.3632
6,24.910565,102.848473,2,25.038431,102.708774,25.58,0.3659
6,24.910565,102.848473,36,25.039971,102.711598,25.64,0.3604
6,24.910565,102.848473,16,25.007315,102.709421,25.69,0.3563
6,24.910565,102.848473,26,25.032488,102.709097,25.78,0.362
6,24.910565,102.848473,56,25.045098,102.714254,25.81,0.3571
6,24.910565,102.848473,62,25.056526,102.734395,25.81,0.346
6,24.910565,102.848473,52,25.020036,102.709004,25.82,0.3598
6,24.910565,102.848473,39,25.006938,102.710096,25.84,0.3604
6,24.910565,102.848473,9,25.040698,102.708656,25.87,0.366
6,24.910565,102.848473,14,25.044113,102.70872,26.24,0.3826
6,24.910565,102.848473,13,25.050038,102.713552,26.31,0.3698
6,24.910565,102.848473,20,25.039458,102.708842,26.52,0.3786
6,24.910565,102.848473,27,25.03954,102.708709,26.52,0.3786
6,24.910565,102.848473,12,25.036139,102.711831,26.6,0.3701
6,24.910565,102.848473,45,25.035975,102.712825,26.68,0.3715
6,24.910565,102.848473,19,25.049371,102.707042,27.03,0.381
6,24.910565,102.848473,65,25.045393,102.699744,27.11,0.3972
6,24.910565,102.848473,50,25.065918,102.723109,27.28,0.3851
6,24.910565,102.848473,21,25.054849,102.704789,27.67,0.3991
6,24.910565,102.848473,29,25.048151,102.698887,27.83,0.3948
6,24.910565,102.848473,25,25.044307,102.698815,27.86,0.3939
6,24.910565,102.848473,28,24.985728,102.675479,28.77,0.3975
6,24.910565,102.848473,57,24.967684,102.666279,29.79,0.4145
6,24.910565,102.848473,44,25.037148,102.662709,30.97,0.4172
6,24.910565,102.848473,60,25.102171,102.731267,31.83,0.4403
6,24.910565,102.848473,63,25.103131,102.733174,32.33,0.4495
6,24.910565,102.848473,10,25.008485,102.683689,32.62,0.4122
6,24.910565,102.848473,55,24.992294,102.684547,33.33,0.4112
6,24.910565,102.848473,40,25.107158,102.728729,33.61,0.4602
6,24.910565,102.848473,37,25.062727,102.656527,33.78,0.4628
6,24.910565,102.848473,68,24.671241,102.915366,39.47,0.5011
7,25.003907,102.728798,67,25.006243,102.735529,0.75,0.0186
7,25.003907,102.728798,42,25.012332,102.741341,1.99,0.0593
7,25.003907,102.728798,35,25.01759,102.720254,2.61,0.0462
7,25.003907,102.728798,8,25.017778,102.718046,2.84,0.0491
7,25.003907,102.728798,47,25.029787,102.723431,3.47,0.0664
7,25.003907,102.728798,39,25.006938,102.710096,3.64,0.0996
7,25.003907,102.728798,3,25.023279,102.713511,3.76,0.0675
7,25.003907,102.728798,4,25.033193,102.720373,3.81,0.0798
7,25.003907,102.728798,16,25.007315,102.709421,3.91,0.0977
7,25.003907,102.728798,34,25.021039,102.723025,4.06,0.0803
7,25.003907,102.728798,41,25.029838,102.731797,4.08,0.0788
7,25.003907,102.728798,22,25.01892,102.721192,4.25,0.0868
7,25.003907,102.728798,24,25.036582,102.720998,4.27,0.0797
7,25.003907,102.728798,32,25.037792,102.720133,4.34,0.0809
7,25.003907,102.728798,66,24.977922,102.713,4.52,0.1131
7,25.003907,102.728798,53,25.042435,102.722253,4.7,0.0928
7,25.003907,102.728798,18,25.030005,102.734582,5.07,0.1035
7,25.003907,102.728798,26,25.032488,102.709097,5.11,0.1058
7,25.003907,102.728798,59,25.035963,102.712313,5.11,0.0936
7,25.003907,102.728798,5,25.036758,102.711479,5.22,0.0953
7,25.003907,102.728798,52,25.020036,102.709004,5.41,0.127
7,25.003907,102.728798,7,25.036777,102.709338,5.42,0.0988
7,25.003907,102.728798,1,25.038232,102.709463,5.62,0.1134
7,25.003907,102.728798,6,25.038259,102.709537,5.62,0.1134
7,25.003907,102.728798,23,25.038231,102.709577,5.62,0.1134
7,25.003907,102.728798,2,25.038431,102.708774,5.7,0.1161
7,25.003907,102.728798,36,25.039971,102.711598,5.76,0.1106
7,25.003907,102.728798,56,25.045098,102.714254,5.93,0.1073
7,25.003907,102.728798,30,24.993108,102.684326,5.94,0.1459
7,25.003907,102.728798,9,25.040698,102.708656,5.98,0.1162
7,25.003907,102.728798,10,25.008485,102.683689,6.23,0.1576
7,25.003907,102.728798,55,24.992294,102.684547,6.24,0.159
7,25.003907,102.728798,14,25.044113,102.70872,6.36,0.1328
7,25.003907,102.728798,13,25.050038,102.713552,6.43,0.12
7,25.003907,102.728798,20,25.039458,102.708842,6.63,0.1288
7,25.003907,102.728798,27,25.03954,102.708709,6.63,0.1288
7,25.003907,102.728798,12,25.036139,102.711831,6.72,0.1203
7,25.003907,102.728798,45,25.035975,102.712825,6.8,0.1217
7,25.003907,102.728798,28,24.985728,102.675479,6.83,0.1707
7,25.003907,102.728798,19,25.049371,102.707042,7.15,0.1312
7,25.003907,102.728798,54,24.976499,102.763515,7.18,0.1739
7,25.003907,102.728798,65,25.045393,102.699744,7.23,0.1474
7,25.003907,102.728798,11,24.975782,102.761436,7.25,0.1761
7,25.003907,102.728798,21,25.054849,102.704789,7.78,0.1493
7,25.003907,102.728798,29,25.048151,102.698887,7.94,0.145
7,25.003907,102.728798,50,25.065918,102.723109,7.97,0.1448
7,25.003907,102.728798,25,25.044307,102.698815,7.98,0.1441
7,25.003907,102.728798,64,24.953883,102.75418,8.18,0.151
7,25.003907,102.728798,62,25.056526,102.734395,8.27,0.148
7,25.003907,102.728798,48,24.954918,102.754512,8.32,0.1573
7,25.003907,102.728798,57,24.967684,102.666279,9.84,0.2384
7,25.003907,102.728798,44,25.037148,102.662709,10.35,0.1613
7,25.003907,102.728798,33,24.967073,102.792852,10.67,0.1984
7,25.003907,102.728798,51,24.951159,102.762866,10.75,0.218
7,25.003907,102.728798,15,24.946946,102.766473,10.95,0.213
7,25.003907,102.728798,60,25.102171,102.731267,12.95,0.2351
7,25.003907,102.728798,37,25.062727,102.656527,13.16,0.2068
7,25.003907,102.728798,63,25.103131,102.733174,13.45,0.2443
7,25.003907,102.728798,40,25.107158,102.728729,14.36,0.2543
7,25.003907,102.728798,31,24.902825,102.788144,19.94,0.2603
7,25.003907,102.728798,61,24.903374,102.787903,19.94,0.2603
7,25.003907,102.728798,38,24.877277,102.825018,23.83,0.2916
7,25.003907,102.728798,49,24.880873,102.824558,24.62,0.3071
7,25.003907,102.728798,58,24.887839,102.825318,25.56,0.3188
7,25.003907,102.728798,43,24.856251,102.836921,26.15,0.3283
7,25.003907,102.728798,46,24.857566,102.860076,29.05,0.4049
8,25.004084,102.729994,67,25.006243,102.735529,0.61,0.0153
8,25.004084,102.729994,42,25.012332,102.741341,1.85,0.056
8,25.004084,102.729994,35,25.01759,102.720254,2.47,0.0429
8,25.004084,102.729994,8,25.017778,102.718046,2.71,0.0458
8,25.004084,102.729994,47,25.029787,102.723431,3.34,0.0631
8,25.004084,102.729994,39,25.006938,102.710096,3.51,0.0962
8,25.004084,102.729994,3,25.023279,102.713511,3.63,0.0642
8,25.004084,102.729994,4,25.033193,102.720373,3.67,0.0765
8,25.004084,102.729994,16,25.007315,102.709421,3.77,0.0943
8,25.004084,102.729994,34,25.021039,102.723025,3.92,0.077
8,25.004084,102.729994,41,25.029838,102.731797,3.95,0.0755
8,25.004084,102.729994,22,25.01892,102.721192,4.12,0.0834
8,25.004084,102.729994,24,25.036582,102.720998,4.14,0.0764
8,25.004084,102.729994,32,25.037792,102.720133,4.21,0.0775
8,25.004084,102.729994,66,24.977922,102.713,4.39,0.1097
8,25.004084,102.729994,53,25.042435,102.722253,4.56,0.0894
8,25.004084,102.729994,18,25.030005,102.734582,4.93,0.1001
8,25.004084,102.729994,26,25.032488,102.709097,4.98,0.1024
8,25.004084,102.729994,59,25.035963,102.712313,4.98,0.0902
8,25.004084,102.729994,5,25.036758,102.711479,5.08,0.092
8,25.004084,102.729994,52,25.020036,102.709004,5.28,0.1236
8,25.004084,102.729994,7,25.036777,102.709338,5.29,0.0954
8,25.004084,102.729994,1,25.038232,102.709463,5.48,0.1101
8,25.004084,102.729994,6,25.038259,102.709537,5.48,0.1101
8,25.004084,102.729994,23,25.038231,102.709577,5.48,0.1101
8,25.004084,102.729994,2,25.038431,102.708774,5.56,0.1127
8,25.004084,102.729994,36,25.039971,102.711598,5.62,0.1072
8,25.004084,102.729994,56,25.045098,102.714254,5.79,0.104
8,25.004084,102.729994,30,24.993108,102.684326,5.81,0.1426
8,25.004084,102.729994,9,25.040698,102.708656,5.85,0.1129
8,25.004084,102.729994,10,25.008485,102.683689,6.1,0.1542
8,25.004084,102.729994,55,24.992294,102.684547,6.11,0.1556
8,25.004084,102.729994,14,25.044113,102.70872,6.23,0.1295
8,25.004084,102.729994,13,25.050038,102.713552,6.29,0.1166
8,25.004084,102.729994,20,25.039458,102.708842,6.5,0.1255
8,25.004084,102.729994,27,25.03954,102.708709,6.5,0.1255
8,25.004084,102.729994,12,25.036139,102.711831,6.58,0.117
8,25.004084,102.729994,45,25.035975,102.712825,6.66,0.1183
8,25.004084,102.729994,28,24.985728,102.675479,6.69,0.1673
8,25.004084,102.729994,19,25.049371,102.707042,7.02,0.1279
8,25.004084,102.729994,54,24.976499,102.763515,7.05,0.1705
8,25.004084,102.729994,65,25.045393,102.699744,7.1,0.144
8,25.004084,102.729994,11,24.975782,102.761436,7.12,0.1728
8,25.004084,102.729994,21,25.054849,102.704789,7.65,0.1459
8,25.004084,102.729994,29,25.048151,102.698887,7.81,0.1417
8,25.004084,102.729994,50,25.065918,102.723109,7.83,0.1415
8,25.004084,102.729994,25,25.044307,102.698815,7.84,0.1408
8,25.004084,102.729994,64,24.953883,102.75418,8.05,0.1476
8,25.004084,102.729994,62,25.056526,102.734395,8.14,0.1447
8,25.004084,102.729994,48,24.954918,102.754512,8.18,0.1539
8,25.004084,102.729994,57,24.967684,102.666279,9.71,0.2351
8,25.004084,102.729994,44,25.037148,102.662709,10.21,0.1579
8,25.004084,102.729994,33,24.967073,102.792852,10.53,0.1951
8,25.004084,102.729994,51,24.951159,102.762866,10.62,0.2147
8,25.004084,102.729994,15,24.946946,102.766473,10.81,0.2096
8,25.004084,102.729994,60,25.102171,102.731267,12.81,0.2317
8,25.004084,102.729994,37,25.062727,102.656527,13.03,0.2035
8,25.004084,102.729994,63,25.103131,102.733174,13.31,0.2409
8,25.004084,102.729994,40,25.107158,102.728729,14.22,0.2509
8,25.004084,102.729994,31,24.902825,102.788144,19.81,0.2569
8,25.004084,102.729994,61,24.903374,102.787903,19.81,0.2569
8,25.004084,102.729994,38,24.877277,102.825018,23.7,0.2882
8,25.004084,102.729994,49,24.880873,102.824558,24.49,0.3037
8,25.004084,102.729994,58,24.887839,102.825318,25.43,0.3155
8,25.004084,102.729994,43,24.856251,102.836921,26.02,0.3249
8,25.004084,102.729994,46,24.857566,102.860076,28.91,0.4015
9,24.887014,103.172192,68,24.671241,102.915366,43.81,0.4786
10,25.048296,102.711075,19,25.049371,102.707042,0.8,0.0247
10,25.048296,102.711075,21,25.054849,102.704789,1.1,0.0357
10,25.048296,102.711075,56,25.045098,102.714254,1.2,0.0262
10,25.048296,102.711075,13,25.050038,102.713552,1.76,0.0401
10,25.048296,102.711075,36,25.039971,102.711598,2.03,0.0471
10,25.048296,102.711075,29,25.048151,102.698887,2.05,0.0444
10,25.048296,102.711075,25,25.044307,102.698815,2.09,0.0436
10,25.048296,102.711075,14,25.044113,102.70872,2.19,0.0574
10,25.048296,102.711075,65,25.045393,102.699744,2.2,0.0574
10,25.048296,102.711075,9,25.040698,102.708656,2.26,0.0528
10,25.048296,102.711075,20,25.039458,102.708842,2.28,0.0597
10,25.048296,102.711075,27,25.03954,102.708709,2.28,0.0597
10,25.048296,102.711075,1,25.038232,102.709463,2.43,0.0616
10,25.048296,102.711075,6,25.038259,102.709537,2.43,0.0616
10,25.048296,102.711075,23,25.038231,102.709577,2.43,0.0616
10,25.048296,102.711075,59,25.035963,102.712313,2.47,0.0555
10,25.048296,102.711075,2,25.038431,102.708774,2.51,0.0642
10,25.048296,102.711075,5,25.036758,102.711479,2.57,0.0572
10,25.048296,102.711075,7,25.036777,102.709338,2.78,0.0607
10,25.048296,102.711075,53,25.042435,102.722253,2.91,0.0608
10,25.048296,102.711075,24,25.036582,102.720998,3.47,0.0643
10,25.048296,102.711075,32,25.037792,102.720133,3.54,0.0654
10,25.048296,102.711075,47,25.029787,102.723431,3.91,0.0715
10,25.048296,102.711075,12,25.036139,102.711831,4.07,0.0823
10,25.048296,102.711075,50,25.065918,102.723109,4.08,0.0779
10,25.048296,102.711075,45,25.035975,102.712825,4.15,0.0836
10,25.048296,102.711075,4,25.033193,102.720373,4.22,0.0841
10,25.048296,102.711075,26,25.032488,102.709097,4.27,0.092
10,25.048296,102.711075,3,25.023279,102.713511,4.65,0.0871
10,25.048296,102.711075,34,25.021039,102.723025,4.68,0.0916
10,25.048296,102.711075,22,25.01892,102.721192,4.71,0.0924
10,25.048296,102.711075,41,25.029838,102.731797,4.71,0.0872
10,25.048296,102.711075,62,25.056526,102.734395,5.19,0.1076
10,25.048296,102.711075,18,25.030005,102.734582,5.69,0.1118
10,25.048296,102.711075,35,25.01759,102.720254,5.81,0.1012
10,25.048296,102.711075,8,25.017778,102.718046,6.05,0.1041
10,25.048296,102.711075,44,25.037148,102.662709,6.58,0.1289
10,25.048296,102.711075,16,25.007315,102.709421,7.06,0.142
10,25.048296,102.711075,67,25.006243,102.735529,7.19,0.1353
10,25.048296,102.711075,52,25.020036,102.709004,7.2,0.1455
10,25.048296,102.711075,39,25.006938,102.710096,7.22,0.1534
10,25.048296,102.711075,42,25.012332,102.741341,7.43,0.1455
10,25.048296,102.711075,37,25.062727,102.656527,7.64,0.1455
10,25.048296,102.711075,10,25.008485,102.683689,8.84,0.1725
10,25.048296,102.711075,40,25.107158,102.728729,8.89,0.1815
10,25.048296,102.711075,60,25.102171,102.731267,9.06,0.1682
10,25.048296,102.711075,63,25.103131,102.733174,9.56,0.1774
10,25.048296,102.711075,66,24.977922,102.713,10.54,0.2189
10,25.048296,102.711075,55,24.992294,102.684547,10.59,0.1877
10,25.048296,102.711075,30,24.993108,102.684326,11.1,0.1963
10,25.048296,102.711075,28,24.985728,102.675479,11.94,0.22
10,25.048296,102.711075,54,24.976499,102.763515,12.55,0.2007
10,25.048296,102.711075,11,24.975782,102.761436,12.62,0.2029
10,25.048296,102.711075,57,24.967684,102.666279,13.97,0.2537
10,25.048296,102.711075,64,24.953883,102.75418,14.57,0.2493
10,25.048296,102.711075,48,24.954918,102.754512,14.7,0.2556
10,25.048296,102.711075,51,24.951159,102.762866,15.61,0.2531
10,25.048296,102.711075,15,24.946946,102.766473,15.8,0.2481
10,25.048296,102.711075,33,24.967073,102.792852,18.43,0.2552
10,25.048296,102.711075,31,24.902825,102.788144,22.9,0.2962
10,25.048296,102.711075,61,24.903374,102.787903,22.9,0.2962
10,25.048296,102.711075,38,24.877277,102.825018,26.79,0.3275
10,25.048296,102.711075,49,24.880873,102.824558,27.58,0.343
10,25.048296,102.711075,58,24.887839,102.825318,28.52,0.3548
10,25.048296,102.711075,43,24.856251,102.836921,29.11,0.3642
10,25.048296,102.711075,46,24.857566,102.860076,32.01,0.4408
11,25.098182,102.725621,60,25.102171,102.731267,1.67,0.0465
11,25.098182,102.725621,40,25.107158,102.728729,1.71,0.055
11,25.098182,102.725621,63,25.103131,102.733174,2.21,0.0621
11,25.098182,102.725621,50,25.065918,102.723109,5.77,0.1152
11,25.098182,102.725621,21,25.054849,102.704789,7.37,0.1578
11,25.098182,102.725621,19,25.049371,102.707042,7.99,0.1712
11,25.098182,102.725621,56,25.045098,102.714254,8.22,0.1521
11,25.098182,102.725621,62,25.056526,102.734395,8.32,0.1516
11,25.098182,102.725621,13,25.050038,102.713552,8.71,0.1648
11,25.098182,102.725621,36,25.039971,102.711598,9.01,0.1713
11,25.098182,102.725621,25,25.044307,102.698815,9.02,0.1681
11,25.098182,102.725621,29,25.048151,102.698887,9.05,0.1703
11,25.098182,102.725621,53,25.042435,102.722253,9.14,0.1733
11,25.098182,102.725621,14,25.044113,102.70872,9.2,0.1833
11,25.098182,102.725621,9,25.040698,102.708656,9.24,0.177
11,25.098182,102.725621,59,25.035963,102.712313,9.4,0.1717
11,25.098182,102.725621,1,25.038232,102.709463,9.41,0.1858
11,25.098182,102.725621,6,25.038259,102.709537,9.41,0.1858
11,25.098182,102.725621,23,25.038231,102.709577,9.41,0.1858
11,25.098182,102.725621,2,25.038431,102.708774,9.49,0.1884
11,25.098182,102.725621,5,25.036758,102.711479,9.5,0.1734
11,25.098182,102.725621,24,25.036582,102.720998,9.7,0.1768
11,25.098182,102.725621,7,25.036777,102.709338,9.71,0.1769
11,25.098182,102.725621,32,25.037792,102.720133,9.77,0.178
11,25.098182,102.725621,47,25.029787,102.723431,10.14,0.184
11,25.098182,102.725621,20,25.039458,102.708842,10.17,0.1968
11,25.098182,102.725621,27,25.03954,102.708709,10.17,0.1968
11,25.098182,102.725621,65,25.045393,102.699744,10.38,0.202
11,25.098182,102.725621,41,25.029838,102.731797,10.39,0.1906
11,25.098182,102.725621,4,25.033193,102.720373,10.45,0.1967
11,25.098182,102.725621,3,25.023279,102.713511,10.88,0.1997
11,25.098182,102.725621,34,25.021039,102.723025,10.91,0.2042
11,25.098182,102.725621,22,25.01892,102.721192,10.93,0.205
11,25.098182,102.725621,12,25.036139,102.711831,11.0,0.1984
11,25.098182,102.725621,45,25.035975,102.712825,11.08,0.1998
11,25.098182,102.725621,26,25.032488,102.709097,11.21,0.2082
11,25.098182,102.725621,18,25.030005,102.734582,11.37,0.2153
11,25.098182,102.725621,37,25.062727,102.656527,12.02,0.2083
11,25.098182,102.725621,44,25.037148,102.662709,13.21,0.2207
11,25.098182,102.725621,16,25.007315,102.709421,13.24,0.2537
11,25.098182,102.725621,52,25.020036,102.709004,13.37,0.2571
11,25.098182,102.725621,39,25.006938,102.710096,13.62,0.2653
11,25.098182,102.725621,35,25.01759,102.720254,13.98,0.2073
11,25.098182,102.725621,8,25.017778,102.718046,14.21,0.2102
11,25.098182,102.725621,42,25.012332,102.741341,14.34,0.2344
11,25.098182,102.725621,10,25.008485,102.683689,14.73,0.2746
11,25.098182,102.725621,67,25.006243,102.735529,15.51,0.2415
11,25.098182,102.725621,55,24.992294,102.684547,16.49,0.2898
11,25.098182,102.725621,30,24.993108,102.684326,16.99,0.2984
11,25.098182,102.725621,28,24.985728,102.675479,17.83,0.3221
11,25.098182,102.725621,54,24.976499,102.763515,18.22,0.2786
11,25.098182,102.725621,11,24.975782,102.761436,18.29,0.2808
11,25.098182,102.725621,66,24.977922,102.713,18.86,0.3251
11,25.098182,102.725621,57,24.967684,102.666279,19.87,0.3558
11,25.098182,102.725621,51,24.951159,102.762866,21.27,0.331
11,25.098182,102.725621,15,24.946946,102.766473,21.47,0.326
11,25.098182,102.725621,64,24.953883,102.75418,21.68,0.3466
11,25.098182,102.725621,48,24.954918,102.754512,21.81,0.3529
11,25.098182,102.725621,33,24.967073,102.792852,23.87,0.3236
11,25.098182,102.725621,31,24.902825,102.788144,28.34,0.3647
11,25.098182,102.725621,61,24.903374,102.787903,28.34,0.3647
11,25.098182,102.725621,38,24.877277,102.825018,32.23,0.3959
11,25.098182,102.725621,49,24.880873,102.824558,33.02,0.4115
11,25.098182,102.725621,58,24.887839,102.825318,33.96,0.4232
11,25.098182,102.725621,43,24.856251,102.836921,34.55,0.4326
11,25.098182,102.725621,46,24.857566,102.860076,37.44,0.5093
13,25.27683,103.03841,63,25.103131,102.733174,47.82,0.6336
13,25.27683,103.03841,40,25.107158,102.728729,48.68,0.6507
15,24.905955,102.777598,31,24.902825,102.788144,1.36,0.0438
15,24.905955,102.777598,61,24.903374,102.787903,1.36,0.0438
15,24.905955,102.777598,58,24.887839,102.825318,7.33,0.1513
15,24.905955,102.777598,49,24.880873,102.824558,7.39,0.1558
15,24.905955,102.777598,51,24.951159,102.762866,8.41,0.1791
15,24.905955,102.777598,64,24.953883,102.75418,8.55,0.1877
15,24.905955,102.777598,15,24.946946,102.766473,8.61,0.1741
15,24.905955,102.777598,48,24.954918,102.754512,8.63,0.1927
15,24.905955,102.777598,38,24.877277,102.825018,9.2,0.1471
15,24.905955,102.777598,33,24.967073,102.792852,10.11,0.1751
15,24.905955,102.777598,54,24.976499,102.763515,10.53,0.2131
15,24.905955,102.777598,11,24.975782,102.761436,10.6,0.2153
15,24.905955,102.777598,43,24.856251,102.836921,11.52,0.1838
15,24.905955,102.777598,46,24.857566,102.860076,14.41,0.2604
15,24.905955,102.777598,66,24.977922,102.713,18.06,0.2756
15,24.905955,102.777598,18,25.030005,102.734582,18.79,0.264
15,24.905955,102.777598,42,25.012332,102.741341,18.91,0.2698
15,24.905955,102.777598,35,25.01759,102.720254,19.6,0.258
15,24.905955,102.777598,8,25.017778,102.718046,19.83,0.2609
15,24.905955,102.777598,41,25.029838,102.731797,19.86,0.2767
15,24.905955,102.777598,28,24.985728,102.675479,20.41,0.3121
15,24.905955,102.777598,24,25.036582,102.720998,20.48,0.2845
15,24.905955,102.777598,32,25.037792,102.720133,20.55,0.2857
15,24.905955,102.777598,47,25.029787,102.723431,20.59,0.2786
15,24.905955,102.777598,3,25.023279,102.713511,20.76,0.2793
15,24.905955,102.777598,53,25.042435,102.722253,20.91,0.2976
15,24.905955,102.777598,4,25.033193,102.720373,20.92,0.292
15,24.905955,102.777598,67,25.006243,102.735529,21.13,0.2922
15,24.905955,102.777598,34,25.021039,102.723025,21.17,0.2925
15,24.905955,102.777598,22,25.01892,102.721192,21.37,0.2989
15,24.905955,102.777598,59,25.035963,102.712313,21.37,0.2993
15,24.905955,102.777598,57,24.967684,102.666279,21.44,0.3291
15,24.905955,102.777598,5,25.036758,102.711479,21.47,0.301
15,24.905955,102.777598,7,25.036777,102.709338,21.68,0.3044
15,24.905955,102.777598,1,25.038232,102.709463,21.88,0.3191
15,24.905955,102.777598,6,25.038259,102.709537,21.88,0.3191
15,24.905955,102.777598,23,25.038231,102.709577,21.88,0.3191
15,24.905955,102.777598,2,25.038431,102.708774,21.95,0.3217
15,24.905955,102.777598,30,24.993108,102.684326,22.01,0.3181
15,24.905955,102.777598,36,25.039971,102.711598,22.01,0.3163
15,24.905955,102.777598,16,25.007315,102.709421,22.06,0.3122
15,24.905955,102.777598,26,25.032488,102.709097,22.15,0.3179
15,24.905955,102.777598,52,25.020036,102.709004,22.19,0.3157
15,24.905955,102.777598,56,25.045098,102.714254,22.19,0.313
15,24.905955,102.777598,62,25.056526,102.734395,22.19,0.3019
15,24.905955,102.777598,39,25.006938,102.710096,22.21,0.3163
15,24.905955,102.777598,9,25.040698,102.708656,22.24,0.3219
15,24.905955,102.777598,14,25.044113,102.70872,22.62,0.3385
15,24.905955,102.777598,13,25.050038,102.713552,22.68,0.3257
15,24.905955,102.777598,20,25.039458,102.708842,22.89,0.3345
15,24.905955,102.777598,27,25.03954,102.708709,22.89,0.3345
15,24.905955,102.777598,12,25.036139,102.711831,22.97,0.326
15,24.905955,102.777598,45,25.035975,102.712825,23.05,0.3274
15,24.905955,102.777598,19,25.049371,102.707042,23.41,0.3369
15,24.905955,102.777598,65,25.045393,102.699744,23.49,0.3531
15,24.905955,102.777598,50,25.065918,102.723109,23.65,0.3409
15,24.905955,102.777598,21,25.054849,102.704789,24.04,0.355
15,24.905955,102.777598,29,25.048151,102.698887,24.2,0.3507
15,24.905955,102.777598,25,25.044307,102.698815,24.24,0.3498
15,24.905955,102.777598,10,25.008485,102.683689,24.26,0.3268
15,24.905955,102.777598,55,24.992294,102.684547,24.98,0.3259
15,24.905955,102.777598,44,25.037148,102.662709,27.34,0.3731
15,24.905955,102.777598,60,25.102171,102.731267,28.2,0.3962
15,24.905955,102.777598,63,25.103131,102.733174,28.7,0.4054
15,24.905955,102.777598,40,25.107158,102.728729,29.98,0.4161
15,24.905955,102.777598,37,25.062727,102.656527,30.15,0.4186
15,24.905955,102.777598,68,24.671241,102.915366,39.99,0.4763
16,24.583286,102.568846,43,24.856251,102.836921,46.71,0.5237
16,24.583286,102.568846,38,24.877277,102.825018,47.96,0.5465
16,24.583286,102.568846,49,24.880873,102.824558,48.75,0.562
16,24.583286,102.568846,46,24.857566,102.860076,49.61,0.6004
16,24.583286,102.568846,58,24.887839,102.825318,49.69,0.5738
17,24.897744,102.782571,31,24.902825,102.788144,3.59,0.0898
17,24.897744,102.782571,61,24.903374,102.787903,3.59,0.0898
17,24.897744,102.782571,38,24.877277,102.825018,7.08,0.1442
17,24.897744,102.782571,49,24.880873,102.824558,7.86,0.1597
17,24.897744,102.782571,58,24.887839,102.825318,8.8,0.1715
17,24.897744,102.782571,43,24.856251,102.836921,9.39,0.1809
17,24.897744,102.782571,51,24.951159,102.762866,12.13,0.2504
17,24.897744,102.782571,46,24.857566,102.860076,12.29,0.2575
17,24.897744,102.782571,15,24.946946,102.766473,12.33,0.2453
17,24.897744,102.782571,33,24.967073,102.792852,12.34,0.2211
17,24.897744,102.782571,64,24.953883,102.75418,14.88,0.2522
17,24.897744,102.782571,48,24.954918,102.754512,14.97,0.2572
17,24.897744,102.782571,54,24.976499,102.763515,15.06,0.2667
17,24.897744,102.782571,11,24.975782,102.761436,15.13,0.2689
17,24.897744,102.782571,57,24.967684,102.666279,17.73,0.3554
17,24.897744,102.782571,66,24.977922,102.713,20.29,0.3216
17,24.897744,102.782571,18,25.030005,102.734582,21.02,0.31
17,24.897744,102.782571,42,25.012332,102.741341,21.13,0.3158
17,24.897744,102.782571,35,25.01759,102.720254,21.82,0.304
17,24.897744,102.782571,8,25.017778,102.718046,22.06,0.3069
17,24.897744,102.782571,41,25.029838,102.731797,22.09,0.3226
17,24.897744,102.782571,28,24.985728,102.675479,22.64,0.3581
17,24.897744,102.782571,24,25.036582,102.720998,22.7,0.3305
17,24.897744,102.782571,32,25.037792,102.720133,22.78,0.3317
17,24.897744,102.782571,47,25.029787,102.723431,22.81,0.3246
17,24.897744,102.782571,3,25.023279,102.713511,22.98,0.3253
17,24.897744,102.782571,53,25.042435,102.722253,23.13,0.3436
17,24.897744,102.782571,4,25.033193,102.720373,23.14,0.338
17,24.897744,102.782571,67,25.006243,102.735529,23.36,0.3382
17,24.897744,102.782571,34,25.021039,102.723025,23.4,0.3384
17,24.897744,102.782571,22,25.01892,102.721192,23.59,0.3449
17,24.897744,102.782571,59,25.035963,102.712313,23.59,0.3453
17,24.897744,102.782571,5,25.036758,102.711479,23.69,0.347
17,24.897744,102.782571,7,25.036777,102.709338,23.9,0.3504
17,24.897744,102.782571,1,25.038232,102.709463,24.1,0.3651
17,24.897744,102.782571,6,25.038259,102.709537,24.1,0.3651
17,24.897744,102.782571,23,25.038231,102.709577,24.1,0.3651
17,24.897744,102.782571,2,25.038431,102.708774,24.18,0.3677
17,24.897744,102.782571,30,24.993108,102.684326,24.24,0.364
17,24.897744,102.782571,36,25.039971,102.711598,24.24,0.3622
17,24.897744,102.782571,16,25.007315,102.709421,24.28,0.3582
17,24.897744,102.782571,26,25.032488,102.709097,24.37,0.3638
17,24.897744,102.782571,52,25.020036,102.709004,24.41,0.3616
17,24.897744,102.782571,56,25.045098,102.714254,24.41,0.359
17,24.897744,102.782571,62,25.056526,102.734395,24.41,0.3479
17,24.897744,102.782571,39,25.006938,102.710096,24.44,0.3623
17,24.897744,102.782571,9,25.040698,102.708656,24.46,0.3679
17,24.897744,102.782571,14,25.044113,102.70872,24.84,0.3845
17,24.897744,102.782571,13,25.050038,102.713552,24.91,0.3716
17,24.897744,102.782571,20,25.039458,102.708842,25.11,0.3805
17,24.897744,102.782571,27,25.03954,102.708709,25.11,0.3805
17,24.897744,102.782571,12,25.036139,102.711831,25.2,0.372
17,24.897744,102.782571,45,25.035975,102.712825,25.28,0.3734
17,24.897744,102.782571,19,25.049371,102.707042,25.63,0.3829
17,24.897744,102.782571,65,25.045393,102.699744,25.71,0.3991
17,24.897744,102.782571,50,25.065918,102.723109,25.87,0.3869
17,24.897744,102.782571,21,25.054849,102.704789,26.26,0.4009
17,24.897744,102.782571,29,25.048151,102.698887,26.42,0.3967
17,24.897744,102.782571,25,25.044307,102.698815,26.46,0.3958
17,24.897744,102.782571,10,25.008485,102.683689,26.48,0.3728
17,24.897744,102.782571,55,24.992294,102.684547,27.2,0.3718
17,24.897744,102.782571,44,25.037148,102.662709,29.56,0.4191
17,24.897744,102.782571,60,25.102171,102.731267,30.43,0.4421
17,24.897744,102.782571,63,25.103131,102.733174,30.93,0.4513
17,24.897744,102.782571,40,25.107158,102.728729,32.2,0.4621
17,24.897744,102.782571,37,25.062727,102.656527,32.38,0.4646
17,24.897744,102.782571,68,24.671241,102.915366,37.86,0.4734
18,25.593,101.234423,81,25.506333,101.237699,11.83,0.2001
20,24.908927,102.841598,58,24.887839,102.825318,3.48,0.0738
20,24.908927,102.841598,49,24.880873,102.824558,4.56,0.0965
20,24.908927,102.841598,38,24.877277,102.825018,4.78,0.0977
20,24.908927,102.841598,46,24.857566,102.860076,6.97,0.1786
20,24.908927,102.841598,43,24.856251,102.836921,7.2,0.1365
20,24.908927,102.841598,31,24.902825,102.788144,8.09,0.1721
20,24.908927,102.841598,61,24.903374,102.787903,8.09,0.1721
20,24.908927,102.841598,51,24.951159,102.762866,14.44,0.2777
20,24.908927,102.841598,15,24.946946,102.766473,14.63,0.2726
20,24.908927,102.841598,33,24.967073,102.792852,15.39,0.2533
20,24.908927,102.841598,64,24.953883,102.75418,17.17,0.2771
20,24.908927,102.841598,48,24.954918,102.754512,17.26,0.2821
20,24.908927,102.841598,54,24.976499,102.763515,18.12,0.2989
20,24.908927,102.841598,11,24.975782,102.761436,18.18,0.3011
20,24.908927,102.841598,66,24.977922,102.713,22.58,0.3465
20,24.908927,102.841598,18,25.030005,102.734582,23.79,0.3354
20,24.908927,102.841598,42,25.012332,102.741341,23.9,0.3411
20,24.908927,102.841598,35,25.01759,102.720254,24.59,0.3294
20,24.908927,102.841598,8,25.017778,102.718046,24.83,0.3323
20,24.908927,102.841598,41,25.029838,102.731797,24.86,0.348
20,24.908927,102.841598,28,24.985728,102.675479,24.93,0.383
20,24.908927,102.841598,24,25.036582,102.720998,25.47,0.3558
20,24.908927,102.841598,32,25.037792,102.720133,25.54,0.357
20,24.908927,102.841598,47,25.029787,102.723431,25.58,0.3499
20,24.908927,102.841598,3,25.023279,102.713511,25.75,0.3507
20,24.908927,102.841598,53,25.042435,102.722253,25.9,0.3689
20,24.908927,102.841598,4,25.033193,102.720373,25.91,0.3633
20,24.908927,102.841598,57,24.967684,102.666279,25.95,0.4
20,24.908927,102.841598,67,25.006243,102.735529,26.13,0.3635
20,24.908927,102.841598,34,25.021039,102.723025,26.16,0.3638
20,24.908927,102.841598,22,25.01892,102.721192,26.36,0.3703
20,24.908927,102.841598,59,25.035963,102.712313,26.36,0.3706
20,24.908927,102.841598,5,25.036758,102.711479,26.46,0.3723
20,24.908927,102.841598,30,24.993108,102.684326,26.53,0.3889
20,24.908927,102.841598,7,25.036777,102.709338,26.67,0.3758
20,24.908927,102.841598,1,25.038232,102.709463,26.87,0.3904
20,24.908927,102.841598,6,25.038259,102.709537,26.87,0.3904
20,24.908927,102.841598,23,25.038231,102.709577,26.87,0.3904
20,24.908927,102.841598,2,25.038431,102.708774,26.95,0.3931
20,24.908927,102.841598,36,25.039971,102.711598,27.01,0.3876
20,24.908927,102.841598,16,25.007315,102.709421,27.05,0.3836
20,24.908927,102.841598,26,25.032488,102.709097,27.14,0.3892
20,24.908927,102.841598,52,25.020036,102.709004,27.18,0.387
20,24.908927,102.841598,56,25.045098,102.714254,27.18,0.3844
20,24.908927,102.841598,62,25.056526,102.734395,27.18,0.3732
20,24.908927,102.841598,39,25.006938,102.710096,27.2,0.3876
20,24.908927,102.841598,9,25.040698,102.708656,27.23,0.3932
20,24.908927,102.841598,14,25.044113,102.70872,27.61,0.4098
20,24.908927,102.841598,13,25.050038,102.713552,27.67,0.397
20,24.908927,102.841598,20,25.039458,102.708842,27.88,0.4059
20,24.908927,102.841598,27,25.03954,102.708709,27.88,0.4059
20,24.908927,102.841598,12,25.036139,102.711831,27.97,0.3974
20,24.908927,102.841598,45,25.035975,102.712825,28.05,0.3987
20,24.908927,102.841598,19,25.049371,102.707042,28.4,0.4082
20,24.908927,102.841598,65,25.045393,102.699744,28.48,0.4244
20,24.908927,102.841598,50,25.065918,102.723109,28.64,0.4123
20,24.908927,102.841598,10,25.008485,102.683689,28.78,0.3977
20,24.908927,102.841598,21,25.054849,102.704789,29.03,0.4263
20,24.908927,102.841598,29,25.048151,102.698887,29.19,0.422
20,24.908927,102.841598,25,25.044307,102.698815,29.23,0.4212
20,24.908927,102.841598,55,24.992294,102.684547,29.49,0.3967
20,24.908927,102.841598,44,25.037148,102.662709,32.33,0.4444
20,24.908927,102.841598,60,25.102171,102.731267,33.2,0.4675
20,24.908927,102.841598,63,25.103131,102.733174,33.7,0.4767
20,24.908927,102.841598,40,25.107158,102.728729,34.97,0.4874
20,24.908927,102.841598,37,25.062727,102.656527,35.14,0.49
20,24.908927,102.841598,68,24.671241,102.915366,38.17,0.4887
21,24.91283,102.777291,31,24.902825,102.788144,2.19,0.0714
21,24.91283,102.777291,61,24.903374,102.787903,2.19,0.0714
21,24.91283,102.777291,58,24.887839,102.825318,7.29,0.1333
21,24.91283,102.777291,49,24.880873,102.824558,7.34,0.1378
21,24.91283,102.777291,51,24.951159,102.762866,7.39,0.145
21,24.91283,102.777291,64,24.953883,102.75418,7.52,0.1536
21,24.91283,102.777291,38,24.877277,102.825018,7.56,0.1391
21,24.91283,102.777291,15,24.946946,102.766473,7.59,0.14
21,24.91283,102.777291,48,24.954918,102.754512,7.61,0.1586
21,24.91283,102.777291,54,24.976499,102.763515,9.51,0.179
21,24.91283,102.777291,11,24.975782,102.761436,9.57,0.1812
21,24.91283,102.777291,33,24.967073,102.792852,10.39,0.1691
21,24.91283,102.777291,43,24.856251,102.836921,11.79,0.1778
21,24.91283,102.777291,66,24.977922,102.713,12.69,0.2526
21,24.91283,102.777291,46,24.857566,102.860076,14.69,0.2544
21,24.91283,102.777291,30,24.993108,102.684326,16.19,0.2978
21,24.91283,102.777291,55,24.992294,102.684547,17.06,0.3126
21,24.91283,102.777291,18,25.030005,102.734582,19.07,0.258
21,24.91283,102.777291,42,25.012332,102.741341,19.18,0.2638
21,24.91283,102.777291,35,25.01759,102.720254,19.87,0.252
21,24.91283,102.777291,8,25.017778,102.718046,20.11,0.2549
21,24.91283,102.777291,41,25.029838,102.731797,20.14,0.2706
21,24.91283,102.777291,28,24.985728,102.675479,20.69,0.3061
21,24.91283,102.777291,24,25.036582,102.720998,20.75,0.2785
21,24.91283,102.777291,32,25.037792,102.720133,20.83,0.2797
21,24.91283,102.777291,47,25.029787,102.723431,20.86,0.2726
21,24.91283,102.777291,3,25.023279,102.713511,21.03,0.2733
21,24.91283,102.777291,53,25.042435,102.722253,21.18,0.2916
21,24.91283,102.777291,4,25.033193,102.720373,21.19,0.286
21,24.91283,102.777291,67,25.006243,102.735529,21.41,0.2862
21,24.91283,102.777291,34,25.021039,102.723025,21.44,0.2864
21,24.91283,102.777291,22,25.01892,102.721192,21.64,0.2929
21,24.91283,102.777291,59,25.035963,102.712313,21.64,0.2933
21,24.91283,102.777291,57,24.967684,102.666279,21.71,0.3231
21,24.91283,102.777291,5,25.036758,102.711479,21.74,0.295
21,24.91283,102.777291,7,25.036777,102.709338,21.95,0.2984
21,24.91283,102.777291,1,25.038232,102.709463,22.15,0.3131
21,24.91283,102.777291,6,25.038259,102.709537,22.15,0.3131
21,24.91283,102.777291,23,25.038231,102.709577,22.15,0.3131
21,24.91283,102.777291,2,25.038431,102.708774,22.23,0.3157
21,24.91283,102.777291,36,25.039971,102.711598,22.29,0.3102
21,24.91283,102.777291,16,25.007315,102.709421,22.33,0.3062
21,24.91283,102.777291,26,25.032488,102.709097,22.42,0.3118
21,24.91283,102.777291,52,25.020036,102.709004,22.46,0.3096
21,24.91283,102.777291,56,25.045098,102.714254,22.46,0.307
21,24.91283,102.777291,62,25.056526,102.734395,22.46,0.2959
21,24.91283,102.777291,39,25.006938,102.710096,22.48,0.3103
21,24.91283,102.777291,9,25.040698,102.708656,22.51,0.3159
21,24.91283,102.777291,14,25.044113,102.70872,22.89,0.3325
21,24.91283,102.777291,13,25.050038,102.713552,22.96,0.3196
21,24.91283,102.777291,20,25.039458,102.708842,23.16,0.3285
21,24.91283,102.777291,27,25.03954,102.708709,23.16,0.3285
21,24.91283,102.777291,12,25.036139,102.711831,23.25,0.32
21,24.91283,102.777291,45,25.035975,102.712825,23.33,0.3213
21,24.91283,102.777291,19,25.049371,102.707042,23.68,0.3309
21,24.91283,102.777291,65,25.045393,102.699744,23.76,0.3471
21,24.91283,102.777291,50,25.065918,102.723109,23.92,0.3349
21,24.91283,102.777291,21,25.054849,102.704789,24.31,0.3489
21,24.91283,102.777291,29,25.048151,102.698887,24.47,0.3447
21,24.91283,102.777291,25,25.044307,102.698815,24.51,0.3438
21,24.91283,102.777291,10,25.008485,102.683689,24.53,0.3208
21,24.91283,102.777291,44,25.037148,102.662709,27.61,0.3671
21,24.91283,102.777291,60,25.102171,102.731267,28.48,0.3901
21,24.91283,102.777291,63,25.103131,102.733174,28.98,0.3993
21,24.91283,102.777291,40,25.107158,102.728729,30.25,0.4101
21,24.91283,102.777291,37,25.062727,102.656527,30.42,0.4126
21,24.91283,102.777291,68,24.671241,102.915366,40.26,0.4703
22,24.905761,102.777504,31,24.902825,102.788144,1.36,0.0438
22,24.905761,102.777504,61,24.903374,102.787903,1.36,0.0438
22,24.905761,102.777504,58,24.887839,102.825318,7.33,0.1513
22,24.905761,102.777504,49,24.880873,102.824558,7.39,0.1558
22,24.905761,102.777504,51,24.951159,102.762866,8.41,0.1791
22,24.905761,102.777504,64,24.953883,102.75418,8.55,0.1877
22,24.905761,102.777504,15,24.946946,102.766473,8.61,0.1741
22,24.905761,102.777504,48,24.954918,102.754512,8.63,0.1927
22,24.905761,102.777504,38,24.877277,102.825018,9.2,0.1471
22,24.905761,102.777504,33,24.967073,102.792852,10.11,0.1751
22,24.905761,102.777504,54,24.976499,102.763515,10.53,0.2131
22,24.905761,102.777504,11,24.975782,102.761436,10.6,0.2153
22,24.905761,102.777504,43,24.856251,102.836921,11.52,0.1838
22,24.905761,102.777504,46,24.857566,102.860076,14.41,0.2604
22,24.905761,102.777504,66,24.977922,102.713,18.06,0.2756
22,24.905761,102.777504,18,25.030005,102.734582,18.79,0.264
22,24.905761,102.777504,42,25.012332,102.741341,18.91,0.2698
22,24.905761,102.777504,35,25.01759,102.720254,19.6,0.258
22,24.905761,102.777504,8,25.017778,102.718046,19.83,0.2609
22,24.905761,102.777504,41,25.029838,102.731797,19.86,0.2767
22,24.905761,102.777504,28,24.985728,102.675479,20.41,0.3121
22,24.905761,102.777504,24,25.036582,102.720998,20.48,0.2845
22,24.905761,102.777504,32,25.037792,102.720133,20.55,0.2857
22,24.905761,102.777504,47,25.029787,102.723431,20.59,0.2786
22,24.905761,102.777504,3,25.023279,102.713511,20.76,0.2793
22,24.905761,102.777504,53,25.042435,102.722253,20.91,0.2976
22,24.905761,102.777504,4,25.033193,102.720373,20.92,0.292
22,24.905761,102.777504,67,25.006243,102.735529,21.13,0.2922
22,24.905761,102.777504,34,25.021039,102.723025,21.17,0.2925
22,24.905761,102.777504,22,25.01892,102.721192,21.37,0.2989
22,24.905761,102.777504,59,25.035963,102.712313,21.37,0.2993
22,24.905761,102.777504,57,24.967684,102.666279,21.44,0.3291
22,24.905761,102.777504,5,25.036758,102.711479,21.47,0.301
22,24.905761,102.777504,7,25.036777,102.709338,21.68,0.3044
22,24.905761,102.777504,1,25.038232,102.709463,21.88,0.3191
22,24.905761,102.777504,6,25.038259,102.709537,21.88,0.3191
22,24.905761,102.777504,23,25.038231,102.709577,21.88,0.3191
22,24.905761,102.777504,2,25.038431,102.708774,21.95,0.3217
22,24.905761,102.777504,30,24.993108,102.684326,22.01,0.3181
22,24.905761,102.777504,36,25.039971,102.711598,22.01,0.3163
22,24.905761,102.777504,16,25.007315,102.709421,22.06,0.3122
22,24.905761,102.777504,26,25.032488,102.709097,22.15,0.3179
22,24.905761,102.777504,52,25.020036,102.709004,22.19,0.3157
22,24.905761,102.777504,56,25.045098,102.714254,22.19,0.313
22,24.905761,102.777504,62,25.056526,102.734395,22.19,0.3019
22,24.905761,102.777504,39,25.006938,102.710096,22.21,0.3163
22,24.905761,102.777504,9,25.040698,102.708656,22.24,0.3219
22,24.905761,102.777504,14,25.044113,102.70872,22.62,0.3385
22,24.905761,102.777504,13,25.050038,102.713552,22.68,0.3257
22,24.905761,102.777504,20,25.039458,102.708842,22.89,0.3345
22,24.905761,102.777504,27,25.03954,102.708709,22.89,0.3345
22,24.905761,102.777504,12,25.036139,102.711831,22.97,0.326
22,24.905761,102.777504,45,25.035975,102.712825,23.05,0.3274
22,24.905761,102.777504,19,25.049371,102.707042,23.41,0.3369
22,24.905761,102.777504,65,25.045393,102.699744,23.49,0.3531
22,24.905761,102.777504,50,25.065918,102.723109,23.65,0.3409
22,24.905761,102.777504,21,25.054849,102.704789,24.04,0.355
22,24.905761,102.777504,29,25.048151,102.698887,24.2,0.3507
22,24.905761,102.777504,25,25.044307,102.698815,24.24,0.3498
22,24.905761,102.777504,10,25.008485,102.683689,24.26,0.3268
22,24.905761,102.777504,55,24.992294,102.684547,24.98,0.3259
22,24.905761,102.777504,44,25.037148,102.662709,27.34,0.3731
22,24.905761,102.777504,60,25.102171,102.731267,28.2,0.3962
22,24.905761,102.777504,63,25.103131,102.733174,28.7,0.4054
22,24.905761,102.777504,40,25.107158,102.728729,29.98,0.4161
22,24.905761,102.777504,37,25.062727,102.656527,30.15,0.4186
22,24.905761,102.777504,68,24.671241,102.915366,39.99,0.4763
23,24.889422,102.792818,31,24.902825,102.788144,3.86,0.0743
23,24.889422,102.792818,61,24.903374,102.787903,3.86,0.0743
23,24.889422,102.792818,38,24.877277,102.825018,4.97,0.0883
23,24.889422,102.792818,49,24.880873,102.824558,5.76,0.1038
23,24.889422,102.792818,58,24.887839,102.825318,6.7,0.1156
23,24.889422,102.792818,43,24.856251,102.836921,7.29,0.125
23,24.889422,102.792818,46,24.857566,102.860076,10.19,0.2016
23,24.889422,102.792818,51,24.951159,102.762866,10.88,0.1967
23,24.889422,102.792818,15,24.946946,102.766473,11.08,0.1917
23,24.889422,102.792818,33,24.967073,102.792852,11.09,0.1674
23,24.889422,102.792818,64,24.953883,102.75418,13.65,0.1982
23,24.889422,102.792818,48,24.954918,102.754512,13.74,0.2032
23,24.889422,102.792818,54,24.976499,102.763515,13.81,0.213
23,24.889422,102.792818,11,24.975782,102.761436,13.88,0.2152
23,24.889422,102.792818,66,24.977922,102.713,19.06,0.2676
23,24.889422,102.792818,18,25.030005,102.734582,19.77,0.2564
23,24.889422,102.792818,42,25.012332,102.741341,19.88,0.2621
23,24.889422,102.792818,35,25.01759,102.720254,20.57,0.2503
23,24.889422,102.792818,8,25.017778,102.718046,20.81,0.2533
23,24.889422,102.792818,41,25.029838,102.731797,20.84,0.269
23,24.889422,102.792818,28,24.985728,102.675479,21.41,0.3041
23,24.889422,102.792818,24,25.036582,102.720998,21.45,0.2768
23,24.889422,102.792818,32,25.037792,102.720133,21.53,0.278
23,24.889422,102.792818,47,25.029787,102.723431,21.56,0.2709
23,24.889422,102.792818,3,25.023279,102.713511,21.73,0.2717
23,24.889422,102.792818,53,25.042435,102.722253,21.88,0.2899
23,24.889422,102.792818,4,25.033193,102.720373,21.89,0.2843
23,24.889422,102.792818,67,25.006243,102.735529,22.11,0.2845
23,24.889422,102.792818,34,25.021039,102.723025,22.15,0.2848
23,24.889422,102.792818,22,25.01892,102.721192,22.34,0.2913
23,24.889422,102.792818,59,25.035963,102.712313,22.34,0.2916
23,24.889422,102.792818,57,24.967684,102.666279,22.43,0.3211
23,24.889422,102.792818,5,25.036758,102.711479,22.44,0.2933
23,24.889422,102.792818,7,25.036777,102.709338,22.65,0.2968
23,24.889422,102.792818,1,25.038232,102.709463,22.85,0.3114
23,24.889422,102.792818,6,25.038259,102.709537,22.85,0.3114
23,24.889422,102.792818,23,25.038231,102.709577,22.85,0.3114
23,24.889422,102.792818,2,25.038431,102.708774,22.93,0.3141
23,24.889422,102.792818,36,25.039971,102.711598,22.99,0.3086
23,24.889422,102.792818,30,24.993108,102.684326,23.01,0.31
23,24.889422,102.792818,16,25.007315,102.709421,23.03,0.3046
23,24.889422,102.792818,26,25.032488,102.709097,23.12,0.3102
23,24.889422,102.792818,52,25.020036,102.709004,23.16,0.308
23,24.889422,102.792818,56,25.045098,102.714254,23.16,0.3054
23,24.889422,102.792818,62,25.056526,102.734395,23.16,0.2942
23,24.889422,102.792818,39,25.006938,102.710096,23.19,0.3086
23,24.889422,102.792818,9,25.040698,102.708656,23.21,0.3142
23,24.889422,102.792818,14,25.044113,102.70872,23.59,0.3308
23,24.889422,102.792818,13,25.050038,102.713552,23.66,0.318
23,24.889422,102.792818,20,25.039458,102.708842,23.86,0.3269
23,24.889422,102.792818,27,25.03954,102.708709,23.86,0.3269
23,24.889422,102.792818,12,25.036139,102.711831,23.95,0.3183
23,24.889422,102.792818,45,25.035975,102.712825,24.03,0.3197
23,24.889422,102.792818,19,25.049371,102.707042,24.38,0.3292
23,24.889422,102.792818,65,25.045393,102.699744,24.46,0.3454
23,24.889422,102.792818,50,25.065918,102.723109,24.62,0.3333
23,24.889422,102.792818,21,25.054849,102.704789,25.01,0.3473
23,24.889422,102.792818,29,25.048151,102.698887,25.17,0.343
23,24.889422,102.792818,25,25.044307,102.698815,25.21,0.3422
23,24.889422,102.792818,10,25.008485,102.683689,25.25,0.3188
23,24.889422,102.792818,55,24.992294,102.684547,25.97,0.3178
23,24.889422,102.792818,44,25.037148,102.662709,28.31,0.3654
23,24.889422,102.792818,60,25.102171,102.731267,29.18,0.3885
23,24.889422,102.792818,63,25.103131,102.733174,29.68,0.3977
23,24.889422,102.792818,40,25.107158,102.728729,30.95,0.4084
23,24.889422,102.792818,37,25.062727,102.656527,31.13,0.411
23,24.889422,102.792818,68,24.671241,102.915366,35.76,0.4175
24,24.910833,102.781262,31,24.902825,102.788144,1.24,0.0397
24,24.910833,102.781262,61,24.903374,102.787903,1.24,0.0397
24,24.910833,102.781262,58,24.887839,102.825318,7.04,0.1396
24,24.910833,102.781262,49,24.880873,102.824558,7.09,0.1441
24,24.910833,102.781262,38,24.877277,102.825018,8.91,0.1354
24,24.910833,102.781262,51,24.951159,102.762866,9.62,0.1927
24,24.910833,102.781262,15,24.946946,102.766473,9.81,0.1877
24,24.910833,102.781262,33,24.967073,102.792852,9.82,0.1634
24,24.910833,102.781262,43,24.856251,102.836921,11.23,0.1721
24,24.910833,102.781262,64,24.953883,102.75418,12.36,0.1946
24,24.910833,102.781262,48,24.954918,102.754512,12.45,0.1996
24,24.910833,102.781262,54,24.976499,102.763515,12.54,0.209
24,24.910833,102.781262,11,24.975782,102.761436,12.61,0.2112
24,24.910833,102.781262,46,24.857566,102.860076,14.12,0.2488
24,24.910833,102.781262,66,24.977922,102.713,17.77,0.264
24,24.910833,102.781262,18,25.030005,102.734582,18.5,0.2524
24,24.910833,102.781262,42,25.012332,102.741341,18.61,0.2581
24,24.910833,102.781262,35,25.01759,102.720254,19.31,0.2464
24,24.910833,102.781262,8,25.017778,102.718046,19.54,0.2493
24,24.910833,102.781262,41,25.029838,102.731797,19.57,0.265
24,24.910833,102.781262,28,24.985728,102.675479,20.12,0.3005
24,24.910833,102.781262,24,25.036582,102.720998,20.19,0.2728
24,24.910833,102.781262,32,25.037792,102.720133,20.26,0.274
24,24.910833,102.781262,47,25.029787,102.723431,20.29,0.2669
24,24.910833,102.781262,3,25.023279,102.713511,20.46,0.2677
24,24.910833,102.781262,53,25.042435,102.722253,20.61,0.2859
24,24.910833,102.781262,4,25.033193,102.720373,20.63,0.2803
24,24.910833,102.781262,67,25.006243,102.735529,20.84,0.2805
24,24.910833,102.781262,34,25.021039,102.723025,20.88,0.2808
24,24.910833,102.781262,22,25.01892,102.721192,21.07,0.2873
24,24.910833,102.781262,59,25.035963,102.712313,21.08,0.2876
24,24.910833,102.781262,57,24.967684,102.666279,21.14,0.3175
24,24.910833,102.781262,5,25.036758,102.711479,21.18,0.2893
24,24.910833,102.781262,7,25.036777,102.709338,21.38,0.2928
24,24.910833,102.781262,1,25.038232,102.709463,21.58,0.3075
24,24.910833,102.781262,6,25.038259,102.709537,21.58,0.3075
24,24.910833,102.781262,23,25.038231,102.709577,21.58,0.3075
24,24.910833,102.781262,2,25.038431,102.708774,21.66,0.3101
24,24.910833,102.781262,30,24.993108,102.684326,21.72,0.3064
24,24.910833,102.781262,36,25.039971,102.711598,21.72,0.3046
24,24.910833,102.781262,16,25.007315,102.709421,21.76,0.3006
24,24.910833,102.781262,26,25.032488,102.709097,21.86,0.3062
24,24.910833,102.781262,56,25.045098,102.714254,21.89,0.3014
24,24.910833,102.781262,62,25.056526,102.734395,21.89,0.2903
24,24.910833,102.781262,52,25.020036,102.709004,21.9,0.304
24,24.910833,102.781262,39,25.006938,102.710096,21.92,0.3047
24,24.910833,102.781262,9,25.040698,102.708656,21.95,0.3102
24,24.910833,102.781262,14,25.044113,102.70872,22.32,0.3269
24,24.910833,102.781262,13,25.050038,102.713552,22.39,0.314
24,24.910833,102.781262,20,25.039458,102.708842,22.6,0.3229
24,24.910833,102.781262,27,25.03954,102.708709,22.6,0.3229
24,24.910833,102.781262,12,25.036139,102.711831,22.68,0.3144
24,24.910833,102.781262,45,25.035975,102.712825,22.76,0.3157
24,24.910833,102.781262,19,25.049371,102.707042,23.11,0.3253
24,24.910833,102.781262,65,25.045393,102.699744,23.19,0.3414
24,24.910833,102.781262,50,25.065918,102.723109,23.35,0.3293
24,24.910833,102.781262,21,25.054849,102.704789,23.75,0.3433
24,24.910833,102.781262,29,25.048151,102.698887,23.9,0.339
24,24.910833,102.781262,25,25.044307,102.698815,23.94,0.3382
24,24.910833,102.781262,10,25.008485,102.683689,23.97,0.3152
24,24.910833,102.781262,55,24.992294,102.684547,24.69,0.3142
24,24.910833,102.781262,44,25.037148,102.662709,27.05,0.3614
24,24.910833,102.781262,60,25.102171,102.731267,27.91,0.3845
24,24.910833,102.781262,63,25.103131,102.733174,28.41,0.3937
24,24.910833,102.781262,40,25.107158,102.728729,29.69,0.4044
24,24.910833,102.781262,37,25.062727,102.656527,29.86,0.407
24,24.910833,102.781262,68,24.671241,102.915366,39.69,0.4646
25,24.915201,102.842454,58,24.887839,102.825318,6.36,0.1203
25,24.915201,102.842454,31,24.902825,102.788144,7.24,0.2016
25,24.915201,102.842454,61,24.903374,102.787903,7.24,0.2016
25,24.915201,102.842454,49,24.880873,102.824558,7.45,0.143
25,24.915201,102.842454,38,24.877277,102.825018,7.67,0.1442
25,24.915201,102.842454,46,24.857566,102.860076,9.29,0.2174
25,24.915201,102.842454,43,24.856251,102.836921,10.09,0.183
25,24.915201,102.842454,33,24.967073,102.792852,12.44,0.2316
25,24.915201,102.842454,51,24.951159,102.762866,15.09,0.2757
25,24.915201,102.842454,15,24.946946,102.766473,15.28,0.2706
25,24.915201,102.842454,64,24.953883,102.75418,15.33,0.2512
25,24.915201,102.842454,48,24.954918,102.754512,15.41,0.2562
25,24.915201,102.842454,54,24.976499,102.763515,16.11,0.2782
25,24.915201,102.842454,11,24.975782,102.761436,16.17,0.2805
25,24.915201,102.842454,66,24.977922,102.713,20.5,0.3503
25,24.915201,102.842454,18,25.030005,102.734582,21.74,0.3045
25,24.915201,102.842454,42,25.012332,102.741341,21.85,0.3102
25,24.915201,102.842454,35,25.01759,102.720254,22.55,0.2985
25,24.915201,102.842454,8,25.017778,102.718046,22.78,0.3014
25,24.915201,102.842454,41,25.029838,102.731797,22.81,0.3171
25,24.915201,102.842454,24,25.036582,102.720998,23.43,0.3249
25,24.915201,102.842454,32,25.037792,102.720133,23.5,0.3261
25,24.915201,102.842454,47,25.029787,102.723431,23.54,0.319
25,24.915201,102.842454,3,25.023279,102.713511,23.7,0.3198
25,24.915201,102.842454,53,25.042435,102.722253,23.85,0.338
25,24.915201,102.842454,4,25.033193,102.720373,23.87,0.3324
25,24.915201,102.842454,67,25.006243,102.735529,24.08,0.3326
25,24.915201,102.842454,34,25.021039,102.723025,24.12,0.3329
25,24.915201,102.842454,22,25.01892,102.721192,24.31,0.3394
25,24.915201,102.842454,59,25.035963,102.712313,24.32,0.3397
25,24.915201,102.842454,5,25.036758,102.711479,24.42,0.3414
25,24.915201,102.842454,7,25.036777,102.709338,24.63,0.3449
25,24.915201,102.842454,1,25.038232,102.709463,24.82,0.3596
25,24.915201,102.842454,6,25.038259,102.709537,24.82,0.3596
25,24.915201,102.842454,23,25.038231,102.709577,24.82,0.3596
25,24.915201,102.842454,28,24.985728,102.675479,24.84,0.3871
25,24.915201,102.842454,2,25.038431,102.708774,24.9,0.3622
25,24.915201,102.842454,36,25.039971,102.711598,24.96,0.3567
25,24.915201,102.842454,16,25.007315,102.709421,25.01,0.3527
25,24.915201,102.842454,26,25.032488,102.709097,25.1,0.3583
25,24.915201,102.842454,56,25.045098,102.714254,25.13,0.3535
25,24.915201,102.842454,52,25.020036,102.709004,25.14,0.3561
25,24.915201,102.842454,62,25.056526,102.734395,25.14,0.3424
25,24.915201,102.842454,39,25.006938,102.710096,25.16,0.3568
25,24.915201,102.842454,9,25.040698,102.708656,25.19,0.3623
25,24.915201,102.842454,14,25.044113,102.70872,25.56,0.379
25,24.915201,102.842454,13,25.050038,102.713552,25.63,0.3661
25,24.915201,102.842454,20,25.039458,102.708842,25.84,0.375
25,24.915201,102.842454,27,25.03954,102.708709,25.84,0.375
25,24.915201,102.842454,57,24.967684,102.666279,25.87,0.4041
25,24.915201,102.842454,12,25.036139,102.711831,25.92,0.3665
25,24.915201,102.842454,45,25.035975,102.712825,26.0,0.3678
25,24.915201,102.842454,19,25.049371,102.707042,26.35,0.3774
25,24.915201,102.842454,65,25.045393,102.699744,26.43,0.3935
25,24.915201,102.842454,30,24.993108,102.684326,26.44,0.393
25,24.915201,102.842454,50,25.065918,102.723109,26.6,0.3814
25,24.915201,102.842454,21,25.054849,102.704789,26.99,0.3954
25,24.915201,102.842454,29,25.048151,102.698887,27.15,0.3911
25,24.915201,102.842454,25,25.044307,102.698815,27.18,0.3903
25,24.915201,102.842454,10,25.008485,102.683689,28.69,0.4018
25,24.915201,102.842454,55,24.992294,102.684547,29.41,0.4008
25,24.915201,102.842454,44,25.037148,102.662709,30.29,0.4136
25,24.915201,102.842454,60,25.102171,102.731267,31.15,0.4366
25,24.915201,102.842454,63,25.103131,102.733174,31.65,0.4458
25,24.915201,102.842454,40,25.107158,102.728729,32.93,0.4566
25,24.915201,102.842454,37,25.062727,102.656527,33.1,0.4591
25,24.915201,102.842454,68,24.671241,102.915366,40.02,0.5207
26,24.906104,102.795285,31,24.902825,102.788144,4.46,0.0855
26,24.906104,102.795285,61,24.903374,102.787903,4.46,0.0855
26,24.906104,102.795285,58,24.887839,102.825318,5.05,0.0849
26,24.906104,102.795285,49,24.880873,102.824558,5.1,0.0894
26,24.906104,102.795285,38,24.877277,102.825018,5.33,0.0906
26,24.906104,102.795285,43,24.856251,102.836921,7.75,0.1294
26,24.906104,102.795285,46,24.857566,102.860076,10.64,0.206
26,24.906104,102.795285,51,24.951159,102.762866,10.8,0.1911
26,24.906104,102.795285,64,24.953883,102.75418,10.94,0.1997
26,24.906104,102.795285,15,24.946946,102.766473,11.0,0.1861
26,24.906104,102.795285,48,24.954918,102.754512,11.02,0.2047
26,24.906104,102.795285,33,24.967073,102.792852,11.68,0.1787
26,24.906104,102.795285,54,24.976499,102.763515,14.4,0.2243
26,24.906104,102.795285,11,24.975782,102.761436,14.47,0.2265
26,24.906104,102.795285,66,24.977922,102.713,19.63,0.2792
26,24.906104,102.795285,18,25.030005,102.734582,20.36,0.2676
26,24.906104,102.795285,42,25.012332,102.741341,20.47,0.2734
26,24.906104,102.795285,35,25.01759,102.720254,21.17,0.2616
26,24.906104,102.795285,8,25.017778,102.718046,21.4,0.2645
26,24.906104,102.795285,41,25.029838,102.731797,21.43,0.2802
26,24.906104,102.795285,28,24.985728,102.675479,21.98,0.3157
26,24.906104,102.795285,24,25.036582,102.720998,22.05,0.2881
26,24.906104,102.795285,32,25.037792,102.720133,22.12,0.2893
26,24.906104,102.795285,47,25.029787,102.723431,22.15,0.2822
26,24.906104,102.795285,3,25.023279,102.713511,22.32,0.2829
26,24.906104,102.795285,53,25.042435,102.722253,22.47,0.3012
26,24.906104,102.795285,4,25.033193,102.720373,22.49,0.2956
26,24.906104,102.795285,67,25.006243,102.735529,22.7,0.2958
26,24.906104,102.795285,34,25.021039,102.723025,22.74,0.296
26,24.906104,102.795285,22,25.01892,102.721192,22.93,0.3025
26,24.906104,102.795285,59,25.035963,102.712313,22.94,0.3029
26,24.906104,102.795285,57,24.967684,102.666279,23.0,0.3327
26,24.906104,102.795285,5,25.036758,102.711479,23.04,0.3046
26,24.906104,102.795285,7,25.036777,102.709338,23.25,0.308
26,24.906104,102.795285,1,25.038232,102.709463,23.44,0.3227
26,24.906104,102.795285,6,25.038259,102.709537,23.44,0.3227
26,24.906104,102.795285,23,25.038231,102.709577,23.44,0.3227
26,24.906104,102.795285,2,25.038431,102.708774,23.52,0.3253
26,24.906104,102.795285,30,24.993108,102.684326,23.58,0.3216
26,24.906104,102.795285,36,25.039971,102.711598,23.58,0.3198
26,24.906104,102.795285,16,25.007315,102.709421,23.63,0.3158
26,24.906104,102.795285,26,25.032488,102.709097,23.72,0.3214
26,24.906104,102.795285,56,25.045098,102.714254,23.75,0.3166
26,24.906104,102.795285,62,25.056526,102.734395,23.75,0.3055
26,24.906104,102.795285,52,25.020036,102.709004,23.76,0.3192
26,24.906104,102.795285,39,25.006938,102.710096,23.78,0.3199
26,24.906104,102.795285,9,25.040698,102.708656,23.81,0.3255
26,24.906104,102.795285,14,25.044113,102.70872,24.18,0.3421
26,24.906104,102.795285,13,25.050038,102.713552,24.25,0.3292
26,24.906104,102.795285,20,25.039458,102.708842,24.46,0.3381
26,24.906104,102.795285,27,25.03954,102.708709,24.46,0.3381
26,24.906104,102.795285,12,25.036139,102.711831,24.54,0.3296
26,24.906104,102.795285,45,25.035975,102.712825,24.62,0.331
26,24.906104,102.795285,19,25.049371,102.707042,24.97,0.3405
26,24.906104,102.795285,65,25.045393,102.699744,25.05,0.3567
26,24.906104,102.795285,50,25.065918,102.723109,25.22,0.3445
26,24.906104,102.795285,21,25.054849,102.704789,25.61,0.3585
26,24.906104,102.795285,29,25.048151,102.698887,25.77,0.3543
26,24.906104,102.795285,25,25.044307,102.698815,25.8,0.3534
26,24.906104,102.795285,10,25.008485,102.683689,25.83,0.3304
26,24.906104,102.795285,55,24.992294,102.684547,26.55,0.3294
26,24.906104,102.795285,44,25.037148,102.662709,28.91,0.3767
26,24.906104,102.795285,60,25.102171,102.731267,29.77,0.3997
26,24.906104,102.795285,63,25.103131,102.733174,30.27,0.4089
26,24.906104,102.795285,40,25.107158,102.728729,31.55,0.4197
26,24.906104,102.795285,37,25.062727,102.656527,31.72,0.4222
26,24.906104,102.795285,68,24.671241,102.915366,41.55,0.4799
27,24.940883,102.774101,64,24.953883,102.75418,4.61,0.0937
27,24.940883,102.774101,48,24.954918,102.754512,4.69,0.0986
27,24.940883,102.774101,33,24.967073,102.792852,5.14,0.1044
27,24.940883,102.774101,51,24.951159,102.762866,5.25,0.1151
27,24.940883,102.774101,15,24.946946,102.766473,5.44,0.1101
27,24.940883,102.774101,31,24.902825,102.788144,6.03,0.1146
27,24.940883,102.774101,61,24.903374,102.787903,6.03,0.1146
27,24.940883,102.774101,54,24.976499,102.763515,7.36,0.1491
27,24.940883,102.774101,11,24.975782,102.761436,7.43,0.1513
27,24.940883,102.774101,66,24.977922,102.713,9.78,0.1927
27,24.940883,102.774101,58,24.887839,102.825318,10.52,0.1848
27,24.940883,102.774101,38,24.877277,102.825018,10.9,0.1621
27,24.940883,102.774101,49,24.880873,102.824558,11.69,0.1776
27,24.940883,102.774101,43,24.856251,102.836921,13.22,0.1988
27,24.940883,102.774101,30,24.993108,102.684326,13.28,0.2379
27,24.940883,102.774101,18,25.030005,102.734582,13.82,0.1933
27,24.940883,102.774101,42,25.012332,102.741341,13.93,0.1991
27,24.940883,102.774101,55,24.992294,102.684547,14.15,0.2527
27,24.940883,102.774101,28,24.985728,102.675479,14.16,0.2626
27,24.940883,102.774101,35,25.01759,102.720254,14.62,0.1873
27,24.940883,102.774101,8,25.017778,102.718046,14.86,0.1902
27,24.940883,102.774101,41,25.029838,102.731797,14.89,0.206
27,24.940883,102.774101,10,25.008485,102.683689,15.38,0.2856
27,24.940883,102.774101,24,25.036582,102.720998,15.51,0.2138
27,24.940883,102.774101,32,25.037792,102.720133,15.58,0.215
27,24.940883,102.774101,47,25.029787,102.723431,15.61,0.2079
27,24.940883,102.774101,3,25.023279,102.713511,15.78,0.2086
27,24.940883,102.774101,53,25.042435,102.722253,15.93,0.2269
27,24.940883,102.774101,4,25.033193,102.720373,15.94,0.2213
27,24.940883,102.774101,46,24.857566,102.860076,16.12,0.2754
27,24.940883,102.774101,67,25.006243,102.735529,16.16,0.2215
27,24.940883,102.774101,34,25.021039,102.723025,16.2,0.2218
27,24.940883,102.774101,57,24.967684,102.666279,16.38,0.2947
27,24.940883,102.774101,22,25.01892,102.721192,16.39,0.2282
27,24.940883,102.774101,59,25.035963,102.712313,16.39,0.2286
27,24.940883,102.774101,5,25.036758,102.711479,16.5,0.2303
27,24.940883,102.774101,7,25.036777,102.709338,16.7,0.2337
27,24.940883,102.774101,1,25.038232,102.709463,16.9,0.2484
27,24.940883,102.774101,6,25.038259,102.709537,16.9,0.2484
27,24.940883,102.774101,23,25.038231,102.709577,16.9,0.2484
27,24.940883,102.774101,2,25.038431,102.708774,16.98,0.251
27,24.940883,102.774101,36,25.039971,102.711598,17.04,0.2455
27,24.940883,102.774101,16,25.007315,102.709421,17.08,0.2415
27,24.940883,102.774101,26,25.032488,102.709097,17.17,0.2471
27,24.940883,102.774101,56,25.045098,102.714254,17.21,0.2423
27,24.940883,102.774101,62,25.056526,102.734395,17.21,0.2312
27,24.940883,102.774101,52,25.020036,102.709004,17.22,0.245
27,24.940883,102.774101,39,25.006938,102.710096,17.24,0.2456
27,24.940883,102.774101,9,25.040698,102.708656,17.26,0.2512
27,24.940883,102.774101,14,25.044113,102.70872,17.64,0.2678
27,24.940883,102.774101,13,25.050038,102.713552,17.71,0.2549
27,24.940883,102.774101,20,25.039458,102.708842,17.91,0.2638
27,24.940883,102.774101,27,25.03954,102.708709,17.91,0.2638
27,24.940883,102.774101,12,25.036139,102.711831,18.0,0.2553
27,24.940883,102.774101,45,25.035975,102.712825,18.08,0.2567
27,24.940883,102.774101,19,25.049371,102.707042,18.43,0.2662
27,24.940883,102.774101,65,25.045393,102.699744,18.51,0.2824
27,24.940883,102.774101,50,25.065918,102.723109,18.67,0.2702
27,24.940883,102.774101,21,25.054849,102.704789,19.06,0.2843
27,24.940883,102.774101,29,25.048151,102.698887,19.22,0.28
27,24.940883,102.774101,25,25.044307,102.698815,19.26,0.2791
27,24.940883,102.774101,44,25.037148,102.662709,22.36,0.3024
27,24.940883,102.774101,60,25.102171,102.731267,23.23,0.3255
27,24.940883,102.774101,63,25.103131,102.733174,23.73,0.3346
27,24.940883,102.774101,40,25.107158,102.728729,25.01,0.3454
27,24.940883,102.774101,37,25.062727,102.656527,25.18,0.3479
27,24.940883,102.774101,68,24.671241,102.915366,41.69,0.4913
28,24.904825,102.772275,31,24.902825,102.788144,2.13,0.0617
28,24.904825,102.772275,61,24.903374,102.787903,2.13,0.0617
28,24.904825,102.772275,58,24.887839,102.825318,8.1,0.1692
28,24.904825,102.772275,49,24.880873,102.824558,8.16,0.1737
28,24.904825,102.772275,51,24.951159,102.762866,8.76,0.1907
28,24.904825,102.772275,64,24.953883,102.75418,8.89,0.1993
28,24.904825,102.772275,15,24.946946,102.766473,8.96,0.1857
28,24.904825,102.772275,48,24.954918,102.754512,8.98,0.2043
28,24.904825,102.772275,38,24.877277,102.825018,9.97,0.165
28,24.904825,102.772275,33,24.967073,102.792852,10.88,0.193
28,24.904825,102.772275,54,24.976499,102.763515,10.88,0.2247
28,24.904825,102.772275,11,24.975782,102.761436,10.95,0.227
28,24.904825,102.772275,43,24.856251,102.836921,12.29,0.2017
28,24.904825,102.772275,57,24.967684,102.666279,14.4,0.3044
28,24.904825,102.772275,46,24.857566,102.860076,15.18,0.2784
28,24.904825,102.772275,28,24.985728,102.675479,16.21,0.3268
28,24.904825,102.772275,30,24.993108,102.684326,17.81,0.3327
28,24.904825,102.772275,66,24.977922,102.713,18.83,0.2936
28,24.904825,102.772275,18,25.030005,102.734582,19.56,0.2819
28,24.904825,102.772275,42,25.012332,102.741341,19.68,0.2877
28,24.904825,102.772275,35,25.01759,102.720254,20.37,0.2759
28,24.904825,102.772275,8,25.017778,102.718046,20.6,0.2788
28,24.904825,102.772275,41,25.029838,102.731797,20.63,0.2946
28,24.904825,102.772275,24,25.036582,102.720998,21.25,0.3024
28,24.904825,102.772275,32,25.037792,102.720133,21.32,0.3036
28,24.904825,102.772275,47,25.029787,102.723431,21.36,0.2965
28,24.904825,102.772275,3,25.023279,102.713511,21.53,0.2973
28,24.904825,102.772275,53,25.042435,102.722253,21.68,0.3155
28,24.904825,102.772275,4,25.033193,102.720373,21.69,0.3099
28,24.904825,102.772275,67,25.006243,102.735529,21.9,0.3101
28,24.904825,102.772275,34,25.021039,102.723025,21.94,0.3104
28,24.904825,102.772275,22,25.01892,102.721192,22.14,0.3168
28,24.904825,102.772275,59,25.035963,102.712313,22.14,0.3172
28,24.904825,102.772275,5,25.036758,102.711479,22.24,0.3189
28,24.904825,102.772275,7,25.036777,102.709338,22.45,0.3224
28,24.904825,102.772275,1,25.038232,102.709463,22.65,0.337
28,24.904825,102.772275,6,25.038259,102.709537,22.65,0.337
28,24.904825,102.772275,23,25.038231,102.709577,22.65,0.337
28,24.904825,102.772275,2,25.038431,102.708774,22.72,0.3397
28,24.904825,102.772275,36,25.039971,102.711598,22.78,0.3342
28,24.904825,102.772275,16,25.007315,102.709421,22.83,0.3301
28,24.904825,102.772275,26,25.032488,102.709097,22.92,0.3358
28,24.904825,102.772275,56,25.045098,102.714254,22.95,0.3309
28,24.904825,102.772275,52,25.020036,102.709004,22.96,0.3336
28,24.904825,102.772275,62,25.056526,102.734395,22.96,0.3198
28,24.904825,102.772275,39,25.006938,102.710096,22.98,0.3342
28,24.904825,102.772275,9,25.040698,102.708656,23.01,0.3398
28,24.904825,102.772275,14,25.044113,102.70872,23.39,0.3564
28,24.904825,102.772275,13,25.050038,102.713552,23.45,0.3436
28,24.904825,102.772275,20,25.039458,102.708842,23.66,0.3524
28,24.904825,102.772275,27,25.03954,102.708709,23.66,0.3524
28,24.904825,102.772275,12,25.036139,102.711831,23.74,0.3439
28,24.904825,102.772275,45,25.035975,102.712825,23.82,0.3453
28,24.904825,102.772275,19,25.049371,102.707042,24.18,0.3548
28,24.904825,102.772275,65,25.045393,102.699744,24.26,0.371
28,24.904825,102.772275,50,25.065918,102.723109,24.42,0.3589
28,24.904825,102.772275,21,25.054849,102.704789,24.81,0.3729
28,24.904825,102.772275,29,25.048151,102.698887,24.97,0.3686
28,24.904825,102.772275,25,25.044307,102.698815,25.0,0.3677
28,24.904825,102.772275,10,25.008485,102.683689,25.03,0.3447
28,24.904825,102.772275,55,24.992294,102.684547,25.75,0.3438
28,24.904825,102.772275,44,25.037148,102.662709,28.11,0.391
28,24.904825,102.772275,60,25.102171,102.731267,28.97,0.4141
28,24.904825,102.772275,63,25.103131,102.733174,29.47,0.4233
28,24.904825,102.772275,40,25.107158,102.728729,30.75,0.434
28,24.904825,102.772275,37,25.062727,102.656527,30.92,0.4366
28,24.904825,102.772275,68,24.671241,102.915366,40.76,0.4942
29,24.940625,102.774275,64,24.953883,102.75418,4.61,0.0937
29,24.940625,102.774275,48,24.954918,102.754512,4.69,0.0986
29,24.940625,102.774275,33,24.967073,102.792852,5.14,0.1044
29,24.940625,102.774275,51,24.951159,102.762866,5.25,0.1151
29,24.940625,102.774275,15,24.946946,102.766473,5.44,0.1101
29,24.940625,102.774275,31,24.902825,102.788144,6.03,0.1146
29,24.940625,102.774275,61,24.903374,102.787903,6.03,0.1146
29,24.940625,102.774275,54,24.976499,102.763515,7.36,0.1491
29,24.940625,102.774275,11,24.975782,102.761436,7.43,0.1513
29,24.940625,102.774275,66,24.977922,102.713,9.78,0.1927
29,24.940625,102.774275,58,24.887839,102.825318,10.52,0.1848
29,24.940625,102.774275,38,24.877277,102.825018,10.9,0.1621
29,24.940625,102.774275,49,24.880873,102.824558,11.69,0.1776
29,24.940625,102.774275,43,24.856251,102.836921,13.22,0.1988
29,24.940625,102.774275,30,24.993108,102.684326,13.28,0.2379
29,24.940625,102.774275,18,25.030005,102.734582,13.82,0.1933
29,24.940625,102.774275,42,25.012332,102.741341,13.93,0.1991
29,24.940625,102.774275,55,24.992294,102.684547,14.15,0.2527
29,24.940625,102.774275,28,24.985728,102.675479,14.16,0.2626
29,24.940625,102.774275,35,25.01759,102.720254,14.62,0.1873
29,24.940625,102.774275,8,25.017778,102.718046,14.86,0.1902
29,24.940625,102.774275,41,25.029838,102.731797,14.89,0.206
29,24.940625,102.774275,10,25.008485,102.683689,15.38,0.2856
29,24.940625,102.774275,24,25.036582,102.720998,15.51,0.2138
29,24.940625,102.774275,32,25.037792,102.720133,15.58,0.215
29,24.940625,102.774275,47,25.029787,102.723431,15.61,0.2079
29,24.940625,102.774275,3,25.023279,102.713511,15.78,0.2086
29,24.940625,102.774275,53,25.042435,102.722253,15.93,0.2269
29,24.940625,102.774275,4,25.033193,102.720373,15.94,0.2213
29,24.940625,102.774275,46,24.857566,102.860076,16.12,0.2754
29,24.940625,102.774275,67,25.006243,102.735529,16.16,0.2215
29,24.940625,102.774275,34,25.021039,102.723025,16.2,0.2218
29,24.940625,102.774275,57,24.967684,102.666279,16.38,0.2947
29,24.940625,102.774275,22,25.01892,102.721192,16.39,0.2282
29,24.940625,102.774275,59,25.035963,102.712313,16.39,0.2286
29,24.940625,102.774275,5,25.036758,102.711479,16.5,0.2303
29,24.940625,102.774275,7,25.036777,102.709338,16.7,0.2337
29,24.940625,102.774275,1,25.038232,102.709463,16.9,0.2484
29,24.940625,102.774275,6,25.038259,102.709537,16.9,0.2484
29,24.940625,102.774275,23,25.038231,102.709577,16.9,0.2484
29,24.940625,102.774275,2,25.038431,102.708774,16.98,0.251
29,24.940625,102.774275,36,25.039971,102.711598,17.04,0.2455
29,24.940625,102.774275,16,25.007315,102.709421,17.08,0.2415
29,24.940625,102.774275,26,25.032488,102.709097,17.17,0.2471
29,24.940625,102.774275,56,25.045098,102.714254,17.21,0.2423
29,24.940625,102.774275,62,25.056526,102.734395,17.21,0.2312
29,24.940625,102.774275,52,25.020036,102.709004,17.22,0.245
29,24.940625,102.774275,39,25.006938,102.710096,17.24,0.2456
29,24.940625,102.774275,9,25.040698,102.708656,17.26,0.2512
29,24.940625,102.774275,14,25.044113,102.70872,17.64,0.2678
29,24.940625,102.774275,13,25.050038,102.713552,17.71,0.2549
29,24.940625,102.774275,20,25.039458,102.708842,17.91,0.2638
29,24.940625,102.774275,27,25.03954,102.708709,17.91,0.2638
29,24.940625,102.774275,12,25.036139,102.711831,18.0,0.2553
29,24.940625,102.774275,45,25.035975,102.712825,18.08,0.2567
29,24.940625,102.774275,19,25.049371,102.707042,18.43,0.2662
29,24.940625,102.774275,65,25.045393,102.699744,18.51,0.2824
29,24.940625,102.774275,50,25.065918,102.723109,18.67,0.2702
29,24.940625,102.774275,21,25.054849,102.704789,19.06,0.2843
29,24.940625,102.774275,29,25.048151,102.698887,19.22,0.28
29,24.940625,102.774275,25,25.044307,102.698815,19.26,0.2791
29,24.940625,102.774275,44,25.037148,102.662709,22.36,0.3024
29,24.940625,102.774275,60,25.102171,102.731267,23.23,0.3255
29,24.940625,102.774275,63,25.103131,102.733174,23.73,0.3346
29,24.940625,102.774275,40,25.107158,102.728729,25.01,0.3454
29,24.940625,102.774275,37,25.062727,102.656527,25.18,0.3479
29,24.940625,102.774275,68,24.671241,102.915366,41.69,0.4913
30,24.86272,102.879673,46,24.857566,102.860076,3.68,0.1045
30,24.86272,102.879673,43,24.856251,102.836921,5.62,0.1485
30,24.86272,102.879673,38,24.877277,102.825018,8.39,0.1961
30,24.86272,102.879673,49,24.880873,102.824558,9.17,0.2116
30,24.86272,102.879673,58,24.887839,102.825318,9.36,0.2223
30,24.86272,102.879673,31,24.902825,102.788144,15.53,0.3025
30,24.86272,102.879673,61,24.903374,102.787903,15.53,0.3025
30,24.86272,102.879673,33,24.967073,102.792852,21.53,0.3537
30,24.86272,102.879673,51,24.951159,102.762866,23.24,0.3967
30,24.86272,102.879673,64,24.953883,102.75418,23.31,0.3776
30,24.86272,102.879673,48,24.954918,102.754512,23.4,0.3825
30,24.86272,102.879673,15,24.946946,102.766473,23.43,0.3917
30,24.86272,102.879673,54,24.976499,102.763515,24.26,0.3993
30,24.86272,102.879673,11,24.975782,102.761436,24.32,0.4015
30,24.86272,102.879673,66,24.977922,102.713,28.72,0.4469
30,24.86272,102.879673,18,25.030005,102.734582,29.93,0.4358
30,24.86272,102.879673,42,25.012332,102.741341,30.04,0.4415
30,24.86272,102.879673,35,25.01759,102.720254,30.73,0.4298
30,24.86272,102.879673,8,25.017778,102.718046,30.97,0.4327
30,24.86272,102.879673,41,25.029838,102.731797,31.0,0.4484
30,24.86272,102.879673,28,24.985728,102.675479,31.07,0.4834
30,24.86272,102.879673,24,25.036582,102.720998,31.61,0.4562
30,24.86272,102.879673,32,25.037792,102.720133,31.69,0.4574
30,24.86272,102.879673,47,25.029787,102.723431,31.72,0.4503
30,24.86272,102.879673,3,25.023279,102.713511,31.89,0.4511
30,24.86272,102.879673,53,25.042435,102.722253,32.04,0.4693
30,24.86272,102.879673,4,25.033193,102.720373,32.05,0.4637
30,24.86272,102.879673,57,24.967684,102.666279,32.09,0.5004
30,24.86272,102.879673,67,25.006243,102.735529,32.27,0.4639
30,24.86272,102.879673,34,25.021039,102.723025,32.31,0.4642
30,24.86272,102.879673,22,25.01892,102.721192,32.5,0.4707
30,24.86272,102.879673,59,25.035963,102.712313,32.5,0.471
30,24.86272,102.879673,5,25.036758,102.711479,32.6,0.4727
30,24.86272,102.879673,30,24.993108,102.684326,32.67,0.4894
30,24.86272,102.879673,7,25.036777,102.709338,32.81,0.4762
30,24.86272,102.879673,1,25.038232,102.709463,33.01,0.4909
30,24.86272,102.879673,6,25.038259,102.709537,33.01,0.4909
30,24.86272,102.879673,23,25.038231,102.709577,33.01,0.4909
30,24.86272,102.879673,2,25.038431,102.708774,33.09,0.4935
30,24.86272,102.879673,36,25.039971,102.711598,33.15,0.488
30,24.86272,102.879673,16,25.007315,102.709421,33.19,0.484
30,24.86272,102.879673,26,25.032488,102.709097,33.28,0.4896
30,24.86272,102.879673,52,25.020036,102.709004,33.32,0.4874
30,24.86272,102.879673,56,25.045098,102.714254,33.32,0.4848
30,24.86272,102.879673,62,25.056526,102.734395,33.32,0.4737
30,24.86272,102.879673,39,25.006938,102.710096,33.35,0.4881
30,24.86272,102.879673,9,25.040698,102.708656,33.37,0.4936
30,24.86272,102.879673,14,25.044113,102.70872,33.75,0.5103
30,24.86272,102.879673,13,25.050038,102.713552,33.82,0.4974
30,24.86272,102.879673,20,25.039458,102.708842,34.02,0.5063
30,24.86272,102.879673,27,25.03954,102.708709,34.02,0.5063
30,24.86272,102.879673,12,25.036139,102.711831,34.11,0.4978
30,24.86272,102.879673,45,25.035975,102.712825,34.19,0.4991
30,24.86272,102.879673,19,25.049371,102.707042,34.54,0.5087
30,24.86272,102.879673,65,25.045393,102.699744,34.62,0.5248
30,24.86272,102.879673,50,25.065918,102.723109,34.78,0.5127
30,24.86272,102.879673,10,25.008485,102.683689,34.92,0.4981
30,24.86272,102.879673,68,24.671241,102.915366,34.95,0.4541
30,24.86272,102.879673,21,25.054849,102.704789,35.17,0.5267
30,24.86272,102.879673,29,25.048151,102.698887,35.33,0.5224
30,24.86272,102.879673,25,25.044307,102.698815,35.37,0.5216
30,24.86272,102.879673,55,24.992294,102.684547,35.64,0.4972
30,24.86272,102.879673,44,25.037148,102.662709,38.47,0.5448
30,24.86272,102.879673,60,25.102171,102.731267,39.34,0.5679
30,24.86272,102.879673,63,25.103131,102.733174,39.84,0.5771
30,24.86272,102.879673,40,25.107158,102.728729,41.11,0.5879
30,24.86272,102.879673,37,25.062727,102.656527,41.29,0.5904
31,24.898886,102.783245,31,24.902825,102.788144,0.99,0.0246
31,24.898886,102.783245,61,24.903374,102.787903,0.99,0.0246
31,24.898886,102.783245,58,24.887839,102.825318,6.96,0.1321
31,24.898886,102.783245,49,24.880873,102.824558,7.01,0.1366
31,24.898886,102.783245,38,24.877277,102.825018,8.82,0.1279
31,24.898886,102.783245,51,24.951159,102.762866,9.53,0.1852
31,24.898886,102.783245,15,24.946946,102.766473,9.73,0.1802
31,24.898886,102.783245,33,24.967073,102.792852,9.74,0.1559
31,24.898886,102.783245,43,24.856251,102.836921,11.14,0.1646
31,24.898886,102.783245,64,24.953883,102.75418,12.28,0.1871
31,24.898886,102.783245,48,24.954918,102.754512,12.37,0.192
31,24.898886,102.783245,54,24.976499,102.763515,12.46,0.2015
31,24.898886,102.783245,11,24.975782,102.761436,12.53,0.2037
31,24.898886,102.783245,46,24.857566,102.860076,14.04,0.2413
31,24.898886,102.783245,57,24.967684,102.666279,15.5,0.3065
31,24.898886,102.783245,66,24.977922,102.713,17.69,0.2565
31,24.898886,102.783245,18,25.030005,102.734582,18.42,0.2449
31,24.898886,102.783245,42,25.012332,102.741341,18.53,0.2506
31,24.898886,102.783245,35,25.01759,102.720254,19.22,0.2388
31,24.898886,102.783245,8,25.017778,102.718046,19.46,0.2418
31,24.898886,102.783245,41,25.029838,102.731797,19.49,0.2575
31,24.898886,102.783245,28,24.985728,102.675479,20.04,0.293
31,24.898886,102.783245,24,25.036582,102.720998,20.1,0.2653
31,24.898886,102.783245,32,25.037792,102.720133,20.18,0.2665
31,24.898886,102.783245,47,25.029787,102.723431,20.21,0.2594
31,24.898886,102.783245,3,25.023279,102.713511,20.38,0.2602
31,24.898886,102.783245,53,25.042435,102.722253,20.53,0.2784
31,24.898886,102.783245,4,25.033193,102.720373,20.54,0.2728
31,24.898886,102.783245,67,25.006243,102.735529,20.76,0.273
31,24.898886,102.783245,34,25.021039,102.723025,20.79,0.2733
31,24.898886,102.783245,22,25.01892,102.721192,20.99,0.2798
31,24.898886,102.783245,59,25.035963,102.712313,20.99,0.2801
31,24.898886,102.783245,5,25.036758,102.711479,21.09,0.2818
31,24.898886,102.783245,7,25.036777,102.709338,21.3,0.2853
31,24.898886,102.783245,1,25.038232,102.709463,21.5,0.2999
31,24.898886,102.783245,6,25.038259,102.709537,21.5,0.2999
31,24.898886,102.783245,23,25.038231,102.709577,21.5,0.2999
31,24.898886,102.783245,2,25.038431,102.708774,21.58,0.3026
31,24.898886,102.783245,30,24.993108,102.684326,21.64,0.2989
31,24.898886,102.783245,36,25.039971,102.711598,21.64,0.2971
31,24.898886,102.783245,16,25.007315,102.709421,21.68,0.2931
31,24.898886,102.783245,26,25.032488,102.709097,21.77,0.2987
31,24.898886,102.783245,52,25.020036,102.709004,21.81,0.2965
31,24.898886,102.783245,56,25.045098,102.714254,21.81,0.2938
31,24.898886,102.783245,62,25.056526,102.734395,21.81,0.2827
31,24.898886,102.783245,39,25.006938,102.710096,21.83,0.2971
31,24.898886,102.783245,9,25.040698,102.708656,21.86,0.3027
31,24.898886,102.783245,14,25.044113,102.70872,22.24,0.3193
31,24.898886,102.783245,13,25.050038,102.713552,22.3,0.3065
31,24.898886,102.783245,20,25.039458,102.708842,22.51,0.3153
31,24.898886,102.783245,27,25.03954,102.708709,22.51,0.3153
31,24.898886,102.783245,12,25.036139,102.711831,22.6,0.3068
31,24.898886,102.783245,45,25.035975,102.712825,22.68,0.3082
31,24.898886,102.783245,19,25.049371,102.707042,23.03,0.3177
31,24.898886,102.783245,65,25.045393,102.699744,23.11,0.3339
31,24.898886,102.783245,50,25.065918,102.723109,23.27,0.3218
31,24.898886,102.783245,21,25.054849,102.704789,23.66,0.3358
31,24.898886,102.783245,29,25.048151,102.698887,23.82,0.3315
31,24.898886,102.783245,25,25.044307,102.698815,23.86,0.3307
31,24.898886,102.783245,10,25.008485,102.683689,23.88,0.3076
31,24.898886,102.783245,55,24.992294,102.684547,24.6,0.3067
31,24.898886,102.783245,44,25.037148,102.662709,26.96,0.3539
31,24.898886,102.783245,60,25.102171,102.731267,27.83,0.377
31,24.898886,102.783245,63,25.103131,102.733174,28.33,0.3862
31,24.898886,102.783245,40,25.107158,102.728729,29.6,0.3969
31,24.898886,102.783245,37,25.062727,102.656527,29.77,0.3995
31,24.898886,102.783245,68,24.671241,102.915366,39.61,0.4571
32,24.903075,102.788475,31,24.902825,102.788144,0.81,0.0204
32,24.903075,102.788475,61,24.903374,102.787903,0.81,0.0204
32,24.903075,102.788475,58,24.887839,102.825318,5.91,0.1058
32,24.903075,102.788475,49,24.880873,102.824558,5.96,0.1104
32,24.903075,102.788475,38,24.877277,102.825018,7.77,0.1017
32,24.903075,102.788475,51,24.951159,102.762866,8.48,0.159
32,24.903075,102.788475,15,24.946946,102.766473,8.68,0.1539
32,24.903075,102.788475,33,24.967073,102.792852,8.68,0.1297
32,24.903075,102.788475,43,24.856251,102.836921,10.09,0.1384
32,24.903075,102.788475,64,24.953883,102.75418,11.23,0.1608
32,24.903075,102.788475,48,24.954918,102.754512,11.32,0.1658
32,24.903075,102.788475,54,24.976499,102.763515,11.41,0.1752
32,24.903075,102.788475,11,24.975782,102.761436,11.48,0.1775
32,24.903075,102.788475,46,24.857566,102.860076,12.99,0.215
32,24.903075,102.788475,66,24.977922,102.713,16.64,0.2302
32,24.903075,102.788475,18,25.030005,102.734582,17.37,0.2186
32,24.903075,102.788475,42,25.012332,102.741341,17.48,0.2244
32,24.903075,102.788475,35,25.01759,102.720254,18.17,0.2126
32,24.903075,102.788475,8,25.017778,102.718046,18.41,0.2155
32,24.903075,102.788475,41,25.029838,102.731797,18.44,0.2312
32,24.903075,102.788475,28,24.985728,102.675479,18.99,0.2667
32,24.903075,102.788475,24,25.036582,102.720998,19.05,0.2391
32,24.903075,102.788475,32,25.037792,102.720133,19.12,0.2402
32,24.903075,102.788475,47,25.029787,102.723431,19.16,0.2331
32,24.903075,102.788475,3,25.023279,102.713511,19.33,0.2339
32,24.903075,102.788475,53,25.042435,102.722253,19.48,0.2521
32,24.903075,102.788475,4,25.033193,102.720373,19.49,0.2465
32,24.903075,102.788475,67,25.006243,102.735529,19.71,0.2467
32,24.903075,102.788475,34,25.021039,102.723025,19.74,0.247
32,24.903075,102.788475,22,25.01892,102.721192,19.94,0.2535
32,24.903075,102.788475,59,25.035963,102.712313,19.94,0.2538
32,24.903075,102.788475,57,24.967684,102.666279,20.01,0.2837
32,24.903075,102.788475,5,25.036758,102.711479,20.04,0.2556
32,24.903075,102.788475,7,25.036777,102.709338,20.25,0.259
32,24.903075,102.788475,1,25.038232,102.709463,20.45,0.2737
32,24.903075,102.788475,6,25.038259,102.709537,20.45,0.2737
32,24.903075,102.788475,23,25.038231,102.709577,20.45,0.2737
32,24.903075,102.788475,2,25.038431,102.708774,20.53,0.2763
32,24.903075,102.788475,30,24.993108,102.684326,20.59,0.2726
32,24.903075,102.788475,36,25.039971,102.711598,20.59,0.2708
32,24.903075,102.788475,16,25.007315,102.709421,20.63,0.2668
32,24.903075,102.788475,26,25.032488,102.709097,20.72,0.2724
32,24.903075,102.788475,52,25.020036,102.709004,20.76,0.2702
32,24.903075,102.788475,56,25.045098,102.714254,20.76,0.2676
32,24.903075,102.788475,62,25.056526,102.734395,20.76,0.2565
32,24.903075,102.788475,39,25.006938,102.710096,20.78,0.2709
32,24.903075,102.788475,9,25.040698,102.708656,20.81,0.2765
32,24.903075,102.788475,14,25.044113,102.70872,21.19,0.2931
32,24.903075,102.788475,13,25.050038,102.713552,21.25,0.2802
32,24.903075,102.788475,20,25.039458,102.708842,21.46,0.2891
32,24.903075,102.788475,27,25.03954,102.708709,21.46,0.2891
32,24.903075,102.788475,12,25.036139,102.711831,21.55,0.2806
32,24.903075,102.788475,45,25.035975,102.712825,21.63,0.2819
32,24.903075,102.788475,19,25.049371,102.707042,21.98,0.2915
32,24.903075,102.788475,65,25.045393,102.699744,22.06,0.3076
32,24.903075,102.788475,50,25.065918,102.723109,22.22,0.2955
32,24.903075,102.788475,21,25.054849,102.704789,22.61,0.3095
32,24.903075,102.788475,29,25.048151,102.698887,22.77,0.3052
32,24.903075,102.788475,25,25.044307,102.698815,22.81,0.3044
32,24.903075,102.788475,10,25.008485,102.683689,22.83,0.2814
32,24.903075,102.788475,55,24.992294,102.684547,23.55,0.2804
32,24.903075,102.788475,44,25.037148,102.662709,25.91,0.3277
32,24.903075,102.788475,60,25.102171,102.731267,26.78,0.3507
32,24.903075,102.788475,63,25.103131,102.733174,27.28,0.3599
32,24.903075,102.788475,40,25.107158,102.728729,28.55,0.3707
32,24.903075,102.788475,37,25.062727,102.656527,28.72,0.3732
32,24.903075,102.788475,68,24.671241,102.915366,38.56,0.4308
33,25.003335,102.728661,67,25.006243,102.735529,1.02,0.0265
33,25.003335,102.728661,42,25.012332,102.741341,2.26,0.0672
33,25.003335,102.728661,39,25.006938,102.710096,2.85,0.0808
33,25.003335,102.728661,35,25.01759,102.720254,2.88,0.0541
33,25.003335,102.728661,16,25.007315,102.709421,3.11,0.079
33,25.003335,102.728661,8,25.017778,102.718046,3.12,0.057
33,25.003335,102.728661,66,24.977922,102.713,3.73,0.0943
33,25.003335,102.728661,47,25.029787,102.723431,3.75,0.0743
33,25.003335,102.728661,3,25.023279,102.713511,4.04,0.0754
33,25.003335,102.728661,4,25.033193,102.720373,4.08,0.0877
33,25.003335,102.728661,52,25.020036,102.709004,4.29,0.1084
33,25.003335,102.728661,34,25.021039,102.723025,4.33,0.0882
33,25.003335,102.728661,41,25.029838,102.731797,4.36,0.0867
33,25.003335,102.728661,22,25.01892,102.721192,4.53,0.0947
33,25.003335,102.728661,24,25.036582,102.720998,4.55,0.0876
33,25.003335,102.728661,32,25.037792,102.720133,4.62,0.0888
33,25.003335,102.728661,53,25.042435,102.722253,4.97,0.1007
33,25.003335,102.728661,30,24.993108,102.684326,5.14,0.1272
33,25.003335,102.728661,18,25.030005,102.734582,5.34,0.1114
33,25.003335,102.728661,26,25.032488,102.709097,5.39,0.1137
33,25.003335,102.728661,59,25.035963,102.712313,5.39,0.1015
33,25.003335,102.728661,10,25.008485,102.683689,5.43,0.1389
33,25.003335,102.728661,55,24.992294,102.684547,5.45,0.1403
33,25.003335,102.728661,5,25.036758,102.711479,5.49,0.1032
33,25.003335,102.728661,7,25.036777,102.709338,5.7,0.1067
33,25.003335,102.728661,1,25.038232,102.709463,5.89,0.1213
33,25.003335,102.728661,6,25.038259,102.709537,5.89,0.1213
33,25.003335,102.728661,23,25.038231,102.709577,5.89,0.1213
33,25.003335,102.728661,2,25.038431,102.708774,5.97,0.124
33,25.003335,102.728661,28,24.985728,102.675479,6.03,0.1519
33,25.003335,102.728661,36,25.039971,102.711598,6.03,0.1185
33,25.003335,102.728661,56,25.045098,102.714254,6.2,0.1152
33,25.003335,102.728661,9,25.040698,102.708656,6.26,0.1241
33,25.003335,102.728661,14,25.044113,102.70872,6.63,0.1407
33,25.003335,102.728661,13,25.050038,102.713552,6.7,0.1279
33,25.003335,102.728661,20,25.039458,102.708842,6.91,0.1367
33,25.003335,102.728661,27,25.03954,102.708709,6.91,0.1367
33,25.003335,102.728661,12,25.036139,102.711831,6.99,0.1282
33,25.003335,102.728661,45,25.035975,102.712825,7.07,0.1296
33,25.003335,102.728661,19,25.049371,102.707042,7.42,0.1391
33,25.003335,102.728661,54,24.976499,102.763515,7.46,0.1818
33,25.003335,102.728661,65,25.045393,102.699744,7.51,0.1553
33,25.003335,102.728661,11,24.975782,102.761436,7.53,0.184
33,25.003335,102.728661,21,25.054849,102.704789,8.06,0.1572
33,25.003335,102.728661,29,25.048151,102.698887,8.22,0.1529
33,25.003335,102.728661,50,25.065918,102.723109,8.24,0.1527
33,25.003335,102.728661,25,25.044307,102.698815,8.25,0.152
33,25.003335,102.728661,64,24.953883,102.75418,8.46,0.1589
33,25.003335,102.728661,62,25.056526,102.734395,8.55,0.1559
33,25.003335,102.728661,48,24.954918,102.754512,8.59,0.1651
33,25.003335,102.728661,57,24.967684,102.666279,9.05,0.2197
33,25.003335,102.728661,44,25.037148,102.662709,10.62,0.1692
33,25.003335,102.728661,33,24.967073,102.792852,10.94,0.2063
33,25.003335,102.728661,51,24.951159,102.762866,11.03,0.2259
33,25.003335,102.728661,15,24.946946,102.766473,11.22,0.2209
33,25.003335,102.728661,60,25.102171,102.731267,13.22,0.243
33,25.003335,102.728661,37,25.062727,102.656527,13.43,0.2147
33,25.003335,102.728661,63,25.103131,102.733174,13.72,0.2522
33,25.003335,102.728661,40,25.107158,102.728729,14.63,0.2622
33,25.003335,102.728661,31,24.902825,102.788144,20.22,0.2682
33,25.003335,102.728661,61,24.903374,102.787903,20.22,0.2682
33,25.003335,102.728661,38,24.877277,102.825018,24.11,0.2994
33,25.003335,102.728661,49,24.880873,102.824558,24.89,0.315
33,25.003335,102.728661,58,24.887839,102.825318,25.84,0.3267
33,25.003335,102.728661,43,24.856251,102.836921,26.43,0.3361
33,25.003335,102.728661,46,24.857566,102.860076,29.32,0.4128
34,25.004898,102.7292,67,25.006243,102.735529,0.69,0.0173
34,25.004898,102.7292,42,25.012332,102.741341,1.94,0.058
34,25.004898,102.7292,35,25.01759,102.720254,2.56,0.0449
34,25.004898,102.7292,8,25.017778,102.718046,2.79,0.0478
34,25.004898,102.7292,47,25.029787,102.723431,3.42,0.0651
34,25.004898,102.7292,39,25.006938,102.710096,3.59,0.0983
34,25.004898,102.7292,3,25.023279,102.713511,3.71,0.0662
34,25.004898,102.7292,4,25.033193,102.720373,3.75,0.0785
34,25.004898,102.7292,16,25.007315,102.709421,3.86,0.0964
34,25.004898,102.7292,34,25.021039,102.723025,4.01,0.079
34,25.004898,102.7292,41,25.029838,102.731797,4.03,0.0776
34,25.004898,102.7292,22,25.01892,102.721192,4.2,0.0855
34,25.004898,102.7292,24,25.036582,102.720998,4.22,0.0784
34,25.004898,102.7292,32,25.037792,102.720133,4.29,0.0796
34,25.004898,102.7292,66,24.977922,102.713,4.47,0.1118
34,25.004898,102.7292,53,25.042435,102.722253,4.64,0.0915
34,25.004898,102.7292,18,25.030005,102.734582,5.01,0.1022
34,25.004898,102.7292,26,25.032488,102.709097,5.06,0.1045
34,25.004898,102.7292,59,25.035963,102.712313,5.06,0.0923
34,25.004898,102.7292,5,25.036758,102.711479,5.16,0.094
34,25.004898,102.7292,52,25.020036,102.709004,5.36,0.1257
34,25.004898,102.7292,7,25.036777,102.709338,5.37,0.0975
34,25.004898,102.7292,1,25.038232,102.709463,5.57,0.1121
34,25.004898,102.7292,6,25.038259,102.709537,5.57,0.1121
34,25.004898,102.7292,23,25.038231,102.709577,5.57,0.1121
34,25.004898,102.7292,2,25.038431,102.708774,5.65,0.1148
34,25.004898,102.7292,36,25.039971,102.711598,5.71,0.1093
34,25.004898,102.7292,56,25.045098,102.714254,5.88,0.1061
34,25.004898,102.7292,30,24.993108,102.684326,5.89,0.1446
34,25.004898,102.7292,9,25.040698,102.708656,5.93,0.1149
34,25.004898,102.7292,10,25.008485,102.683689,6.18,0.1563
34,25.004898,102.7292,55,24.992294,102.684547,6.19,0.1577
34,25.004898,102.7292,14,25.044113,102.70872,6.31,0.1315
34,25.004898,102.7292,13,25.050038,102.713552,6.37,0.1187
34,25.004898,102.7292,20,25.039458,102.708842,6.58,0.1276
34,25.004898,102.7292,27,25.03954,102.708709,6.58,0.1276
34,25.004898,102.7292,12,25.036139,102.711831,6.67,0.1191
34,25.004898,102.7292,45,25.035975,102.712825,6.75,0.1204
34,25.004898,102.7292,28,24.985728,102.675479,6.78,0.1694
34,25.004898,102.7292,19,25.049371,102.707042,7.1,0.1299
34,25.004898,102.7292,54,24.976499,102.763515,7.13,0.1726
34,25.004898,102.7292,65,25.045393,102.699744,7.18,0.1461
34,25.004898,102.7292,11,24.975782,102.761436,7.2,0.1748
34,25.004898,102.7292,21,25.054849,102.704789,7.73,0.148
34,25.004898,102.7292,29,25.048151,102.698887,7.89,0.1437
34,25.004898,102.7292,50,25.065918,102.723109,7.91,0.1435
34,25.004898,102.7292,25,25.044307,102.698815,7.93,0.1429
34,25.004898,102.7292,64,24.953883,102.75418,8.13,0.1497
34,25.004898,102.7292,62,25.056526,102.734395,8.22,0.1468
34,25.004898,102.7292,48,24.954918,102.754512,8.27,0.156
34,25.004898,102.7292,57,24.967684,102.666279,9.79,0.2371
34,25.004898,102.7292,44,25.037148,102.662709,10.3,0.16
34,25.004898,102.7292,33,24.967073,102.792852,10.61,0.1972
34,25.004898,102.7292,51,24.951159,102.762866,10.7,0.2167
34,25.004898,102.7292,15,24.946946,102.766473,10.9,0.2117
34,25.004898,102.7292,60,25.102171,102.731267,12.89,0.2338
34,25.004898,102.7292,37,25.062727,102.656527,13.11,0.2056
34,25.004898,102.7292,63,25.103131,102.733174,13.4,0.243
34,25.004898,102.7292,40,25.107158,102.728729,14.3,0.253
34,25.004898,102.7292,31,24.902825,102.788144,19.89,0.259
34,25.004898,102.7292,61,24.903374,102.787903,19.89,0.259
34,25.004898,102.7292,38,24.877277,102.825018,23.78,0.2903
34,25.004898,102.7292,49,24.880873,102.824558,24.57,0.3058
34,25.004898,102.7292,58,24.887839,102.825318,25.51,0.3175
34,25.004898,102.7292,43,24.856251,102.836921,26.1,0.327
34,25.004898,102.7292,46,24.857566,102.860076,29.0,0.4036
35,24.900561,102.763102,31,24.902825,102.788144,3.11,0.0648
35,24.900561,102.763102,61,24.903374,102.787903,3.11,0.0648
35,24.900561,102.763102,58,24.887839,102.825318,9.08,0.1723
35,24.900561,102.763102,49,24.880873,102.824558,9.14,0.1768
35,24.900561,102.763102,64,24.953883,102.75418,10.63,0.2178
35,24.900561,102.763102,48,24.954918,102.754512,10.72,0.2228
35,24.900561,102.763102,38,24.877277,102.825018,10.95,0.1681
35,24.900561,102.763102,51,24.951159,102.762866,11.66,0.2254
35,24.900561,102.763102,15,24.946946,102.766473,11.85,0.2204
35,24.900561,102.763102,33,24.967073,102.792852,11.86,0.1961
35,24.900561,102.763102,43,24.856251,102.836921,13.27,0.2048
35,24.900561,102.763102,57,24.967684,102.666279,14.53,0.282
35,24.900561,102.763102,54,24.976499,102.763515,14.59,0.2417
35,24.900561,102.763102,11,24.975782,102.761436,14.65,0.2439
35,24.900561,102.763102,66,24.977922,102.713,15.88,0.2778
35,24.900561,102.763102,46,24.857566,102.860076,16.16,0.2814
35,24.900561,102.763102,28,24.985728,102.675479,16.34,0.3044
35,24.900561,102.763102,30,24.993108,102.684326,17.94,0.3103
35,24.900561,102.763102,55,24.992294,102.684547,18.81,0.3251
35,24.900561,102.763102,18,25.030005,102.734582,20.54,0.285
35,24.900561,102.763102,42,25.012332,102.741341,20.65,0.2908
35,24.900561,102.763102,35,25.01759,102.720254,21.35,0.279
35,24.900561,102.763102,8,25.017778,102.718046,21.58,0.2819
35,24.900561,102.763102,41,25.029838,102.731797,21.61,0.2977
35,24.900561,102.763102,24,25.036582,102.720998,22.23,0.3055
35,24.900561,102.763102,32,25.037792,102.720133,22.3,0.3067
35,24.900561,102.763102,10,25.008485,102.683689,22.33,0.3268
35,24.900561,102.763102,47,25.029787,102.723431,22.34,0.2996
35,24.900561,102.763102,3,25.023279,102.713511,22.5,0.3003
35,24.900561,102.763102,53,25.042435,102.722253,22.65,0.3186
35,24.900561,102.763102,4,25.033193,102.720373,22.67,0.313
35,24.900561,102.763102,67,25.006243,102.735529,22.88,0.3132
35,24.900561,102.763102,34,25.021039,102.723025,22.92,0.3135
35,24.900561,102.763102,22,25.01892,102.721192,23.11,0.3199
35,24.900561,102.763102,59,25.035963,102.712313,23.12,0.3203
35,24.900561,102.763102,5,25.036758,102.711479,23.22,0.322
35,24.900561,102.763102,7,25.036777,102.709338,23.43,0.3255
35,24.900561,102.763102,1,25.038232,102.709463,23.62,0.3401
35,24.900561,102.763102,6,25.038259,102.709537,23.62,0.3401
35,24.900561,102.763102,23,25.038231,102.709577,23.62,0.3401
35,24.900561,102.763102,2,25.038431,102.708774,23.7,0.3428
35,24.900561,102.763102,36,25.039971,102.711598,23.76,0.3373
35,24.900561,102.763102,16,25.007315,102.709421,23.81,0.3332
35,24.900561,102.763102,26,25.032488,102.709097,23.9,0.3389
35,24.900561,102.763102,56,25.045098,102.714254,23.93,0.334
35,24.900561,102.763102,52,25.020036,102.709004,23.94,0.3367
35,24.900561,102.763102,62,25.056526,102.734395,23.94,0.3229
35,24.900561,102.763102,39,25.006938,102.710096,23.96,0.3373
35,24.900561,102.763102,9,25.040698,102.708656,23.99,0.3429
35,24.900561,102.763102,14,25.044113,102.70872,24.36,0.3595
35,24.900561,102.763102,13,25.050038,102.713552,24.43,0.3467
35,24.900561,102.763102,20,25.039458,102.708842,24.64,0.3555
35,24.900561,102.763102,27,25.03954,102.708709,24.64,0.3555
35,24.900561,102.763102,12,25.036139,102.711831,24.72,0.347
35,24.900561,102.763102,45,25.035975,102.712825,24.8,0.3484
35,24.900561,102.763102,19,25.049371,102.707042,25.15,0.3579
35,24.900561,102.763102,65,25.045393,102.699744,25.23,0.3741
35,24.900561,102.763102,50,25.065918,102.723109,25.4,0.362
35,24.900561,102.763102,21,25.054849,102.704789,25.79,0.376
35,24.900561,102.763102,29,25.048151,102.698887,25.95,0.3717
35,24.900561,102.763102,25,25.044307,102.698815,25.98,0.3708
35,24.900561,102.763102,44,25.037148,102.662709,29.09,0.3941
35,24.900561,102.763102,60,25.102171,102.731267,29.95,0.4172
35,24.900561,102.763102,63,25.103131,102.733174,30.45,0.4264
35,24.900561,102.763102,40,25.107158,102.728729,31.73,0.4371
35,24.900561,102.763102,37,25.062727,102.656527,31.9,0.4397
35,24.900561,102.763102,68,24.671241,102.915366,41.73,0.4973
36,24.899659,102.782787,31,24.902825,102.788144,0.61,0.0152
36,24.899659,102.782787,61,24.903374,102.787903,0.61,0.0152
36,24.899659,102.782787,58,24.887839,102.825318,6.58,0.1226
36,24.899659,102.782787,49,24.880873,102.824558,6.63,0.1271
36,24.899659,102.782787,38,24.877277,102.825018,8.44,0.1184
36,24.899659,102.782787,51,24.951159,102.762866,9.15,0.1757
36,24.899659,102.782787,15,24.946946,102.766473,9.35,0.1707
36,24.899659,102.782787,33,24.967073,102.792852,9.36,0.1464
36,24.899659,102.782787,43,24.856251,102.836921,10.76,0.1551
36,24.899659,102.782787,64,24.953883,102.75418,11.9,0.1776
36,24.899659,102.782787,48,24.954918,102.754512,11.99,0.1826
36,24.899659,102.782787,54,24.976499,102.763515,12.08,0.192
36,24.899659,102.782787,11,24.975782,102.761436,12.15,0.1942
36,24.899659,102.782787,46,24.857566,102.860076,13.66,0.2318
36,24.899659,102.782787,66,24.977922,102.713,17.31,0.247
36,24.899659,102.782787,18,25.030005,102.734582,18.04,0.2354
36,24.899659,102.782787,42,25.012332,102.741341,18.15,0.2411
36,24.899659,102.782787,35,25.01759,102.720254,18.84,0.2294
36,24.899659,102.782787,8,25.017778,102.718046,19.08,0.2323
36,24.899659,102.782787,41,25.029838,102.731797,19.11,0.248
36,24.899659,102.782787,28,24.985728,102.675479,19.66,0.2835
36,24.899659,102.782787,24,25.036582,102.720998,19.73,0.2558
36,24.899659,102.782787,32,25.037792,102.720133,19.8,0.257
36,24.899659,102.782787,47,25.029787,102.723431,19.83,0.2499
36,24.899659,102.782787,3,25.023279,102.713511,20.0,0.2507
36,24.899659,102.782787,53,25.042435,102.722253,20.15,0.2689
36,24.899659,102.782787,4,25.033193,102.720373,20.16,0.2633
36,24.899659,102.782787,67,25.006243,102.735529,20.38,0.2635
36,24.899659,102.782787,34,25.021039,102.723025,20.42,0.2638
36,24.899659,102.782787,22,25.01892,102.721192,20.61,0.2703
36,24.899659,102.782787,59,25.035963,102.712313,20.61,0.2706
36,24.899659,102.782787,57,24.967684,102.666279,20.68,0.3004
36,24.899659,102.782787,5,25.036758,102.711479,20.71,0.2723
36,24.899659,102.782787,7,25.036777,102.709338,20.92,0.2758
36,24.899659,102.782787,1,25.038232,102.709463,21.12,0.2905
36,24.899659,102.782787,6,25.038259,102.709537,21.12,0.2905
36,24.899659,102.782787,23,25.038231,102.709577,21.12,0.2905
36,24.899659,102.782787,2,25.038431,102.708774,21.2,0.2931
36,24.899659,102.782787,30,24.993108,102.684326,21.26,0.2894
36,24.899659,102.782787,36,25.039971,102.711598,21.26,0.2876
36,24.899659,102.782787,16,25.007315,102.709421,21.3,0.2836
36,24.899659,102.782787,26,25.032488,102.709097,21.39,0.2892
36,24.899659,102.782787,52,25.020036,102.709004,21.43,0.287
36,24.899659,102.782787,56,25.045098,102.714254,21.43,0.2844
36,24.899659,102.782787,62,25.056526,102.734395,21.43,0.2733
36,24.899659,102.782787,39,25.006938,102.710096,21.46,0.2877
36,24.899659,102.782787,9,25.040698,102.708656,21.48,0.2932
36,24.899659,102.782787,14,25.044113,102.70872,21.86,0.3098
36,24.899659,102.782787,13,25.050038,102.713552,21.93,0.297
36,24.899659,102.782787,20,25.039458,102.708842,22.13,0.3059
36,24.899659,102.782787,27,25.03954,102.708709,22.13,0.3059
36,24.899659,102.782787,12,25.036139,102.711831,22.22,0.2974
36,24.899659,102.782787,45,25.035975,102.712825,22.3,0.2987
36,24.899659,102.782787,19,25.049371,102.707042,22.65,0.3083
36,24.899659,102.782787,65,25.045393,102.699744,22.73,0.3244
36,24.899659,102.782787,50,25.065918,102.723109,22.89,0.3123
36,24.899659,102.782787,21,25.054849,102.704789,23.28,0.3263
36,24.899659,102.782787,29,25.048151,102.698887,23.44,0.322
36,24.899659,102.782787,25,25.044307,102.698815,23.48,0.3212
36,24.899659,102.782787,10,25.008485,102.683689,23.51,0.2981
36,24.899659,102.782787,55,24.992294,102.684547,24.22,0.2972
36,24.899659,102.782787,44,25.037148,102.662709,26.58,0.3444
36,24.899659,102.782787,60,25.102171,102.731267,27.45,0.3675
36,24.899659,102.782787,63,25.103131,102.733174,27.95,0.3767
36,24.899659,102.782787,40,25.107158,102.728729,29.22,0.3874
36,24.899659,102.782787,37,25.062727,102.656527,29.4,0.39
36,24.899659,102.782787,68,24.671241,102.915366,39.23,0.4476
37,24.903441,102.789627,31,24.902825,102.788144,1.16,0.0335
37,24.903441,102.789627,61,24.903374,102.787903,1.16,0.0335
37,24.903441,102.789627,58,24.887839,102.825318,6.26,0.1189
37,24.903441,102.789627,49,24.880873,102.824558,6.31,0.1234
37,24.903441,102.789627,38,24.877277,102.825018,8.12,0.1147
37,24.903441,102.789627,51,24.951159,102.762866,8.83,0.172
37,24.903441,102.789627,15,24.946946,102.766473,9.03,0.167
37,24.903441,102.789627,33,24.967073,102.792852,9.04,0.1427
37,24.903441,102.789627,43,24.856251,102.836921,10.44,0.1514
37,24.903441,102.789627,64,24.953883,102.75418,11.58,0.1739
37,24.903441,102.789627,48,24.954918,102.754512,11.67,0.1789
37,24.903441,102.789627,54,24.976499,102.763515,11.76,0.1883
37,24.903441,102.789627,11,24.975782,102.761436,11.83,0.1905
37,24.903441,102.789627,46,24.857566,102.860076,13.34,0.2281
37,24.903441,102.789627,66,24.977922,102.713,16.99,0.2433
37,24.903441,102.789627,18,25.030005,102.734582,17.72,0.2317
37,24.903441,102.789627,42,25.012332,102.741341,17.83,0.2374
37,24.903441,102.789627,35,25.01759,102.720254,18.52,0.2257
37,24.903441,102.789627,8,25.017778,102.718046,18.76,0.2286
37,24.903441,102.789627,41,25.029838,102.731797,18.79,0.2443
37,24.903441,102.789627,28,24.985728,102.675479,19.34,0.2798
37,24.903441,102.789627,24,25.036582,102.720998,19.41,0.2521
37,24.903441,102.789627,32,25.037792,102.720133,19.48,0.2533
37,24.903441,102.789627,47,25.029787,102.723431,19.51,0.2462
37,24.903441,102.789627,3,25.023279,102.713511,19.68,0.247
37,24.903441,102.789627,53,25.042435,102.722253,19.83,0.2652
37,24.903441,102.789627,4,25.033193,102.720373,19.84,0.2596
37,24.903441,102.789627,67,25.006243,102.735529,20.06,0.2598
37,24.903441,102.789627,34,25.021039,102.723025,20.1,0.2601
37,24.903441,102.789627,22,25.01892,102.721192,20.29,0.2666
37,24.903441,102.789627,59,25.035963,102.712313,20.29,0.2669
37,24.903441,102.789627,57,24.967684,102.666279,20.36,0.2967
37,24.903441,102.789627,5,25.036758,102.711479,20.4,0.2686
37,24.903441,102.789627,7,25.036777,102.709338,20.6,0.2721
37,24.903441,102.789627,1,25.038232,102.709463,20.8,0.2868
37,24.903441,102.789627,6,25.038259,102.709537,20.8,0.2868
37,24.903441,102.789627,23,25.038231,102.709577,20.8,0.2868
37,24.903441,102.789627,2,25.038431,102.708774,20.88,0.2894
37,24.903441,102.789627,30,24.993108,102.684326,20.94,0.2857
37,24.903441,102.789627,36,25.039971,102.711598,20.94,0.2839
37,24.903441,102.789627,16,25.007315,102.709421,20.98,0.2799
37,24.903441,102.789627,26,25.032488,102.709097,21.07,0.2855
37,24.903441,102.789627,56,25.045098,102.714254,21.11,0.2807
37,24.903441,102.789627,62,25.056526,102.734395,21.11,0.2696
37,24.903441,102.789627,52,25.020036,102.709004,21.12,0.2833
37,24.903441,102.789627,39,25.006938,102.710096,21.14,0.284
37,24.903441,102.789627,9,25.040698,102.708656,21.16,0.2895
37,24.903441,102.789627,14,25.044113,102.70872,21.54,0.3061
37,24.903441,102.789627,13,25.050038,102.713552,21.61,0.2933
37,24.903441,102.789627,20,25.039458,102.708842,21.81,0.3022
37,24.903441,102.789627,27,25.03954,102.708709,21.81,0.3022
37,24.903441,102.789627,12,25.036139,102.711831,21.9,0.2937
37,24.903441,102.789627,45,25.035975,102.712825,21.98,0.295
37,24.903441,102.789627,19,25.049371,102.707042,22.33,0.3046
37,24.903441,102.789627,65,25.045393,102.699744,22.41,0.3207
37,24.903441,102.789627,50,25.065918,102.723109,22.57,0.3086
37,24.903441,102.789627,21,25.054849,102.704789,22.96,0.3226
37,24.903441,102.789627,29,25.048151,102.698887,23.12,0.3183
37,24.903441,102.789627,25,25.044307,102.698815,23.16,0.3175
37,24.903441,102.789627,10,25.008485,102.683689,23.19,0.2945
37,24.903441,102.789627,55,24.992294,102.684547,23.9,0.2935
37,24.903441,102.789627,44,25.037148,102.662709,26.26,0.3407
37,24.903441,102.789627,60,25.102171,102.731267,27.13,0.3638
37,24.903441,102.789627,63,25.103131,102.733174,27.63,0.373
37,24.903441,102.789627,40,25.107158,102.728729,28.9,0.3837
37,24.903441,102.789627,37,25.062727,102.656527,29.08,0.3863
37,24.903441,102.789627,68,24.671241,102.915366,38.91,0.4439
38,24.318675,102.587125,69,24.173685,102.404745,38.21,0.4734
39,24.113272,102.740011,69,24.173685,102.404745,45.56,0.5618
41,24.227283,102.520383,69,24.173685,102.404745,17.06,0.2437
44,25.024975,102.760375,42,25.012332,102.741341,3.85,0.1176
44,25.024975,102.760375,41,25.029838,102.731797,3.9,0.0978
44,25.024975,102.760375,18,25.030005,102.734582,3.92,0.1082
44,25.024975,102.760375,24,25.036582,102.720998,4.52,0.1056
44,25.024975,102.760375,32,25.037792,102.720133,4.59,0.1068
44,25.024975,102.760375,53,25.042435,102.722253,4.66,0.1166
44,25.024975,102.760375,67,25.006243,102.735529,4.76,0.1362
44,25.024975,102.760375,47,25.029787,102.723431,4.86,0.1114
44,25.024975,102.760375,4,25.033193,102.720373,5.19,0.1248
44,25.024975,102.760375,62,25.056526,102.734395,5.4,0.1087
44,25.024975,102.760375,59,25.035963,102.712313,5.41,0.1204
44,25.024975,102.760375,34,25.021039,102.723025,5.5,0.1262
44,25.024975,102.760375,5,25.036758,102.711479,5.51,0.1221
44,25.024975,102.760375,22,25.01892,102.721192,5.69,0.1327
44,25.024975,102.760375,7,25.036777,102.709338,5.72,0.1256
44,25.024975,102.760375,1,25.038232,102.709463,5.92,0.1403
44,25.024975,102.760375,6,25.038259,102.709537,5.92,0.1403
44,25.024975,102.760375,23,25.038231,102.709577,5.92,0.1403
44,25.024975,102.760375,3,25.023279,102.713511,5.96,0.133
44,25.024975,102.760375,56,25.045098,102.714254,5.96,0.1292
44,25.024975,102.760375,2,25.038431,102.708774,5.99,0.1429
44,25.024975,102.760375,36,25.039971,102.711598,6.05,0.1374
44,25.024975,102.760375,9,25.040698,102.708656,6.28,0.143
44,25.024975,102.760375,13,25.050038,102.713552,6.46,0.1418
44,25.024975,102.760375,26,25.032488,102.709097,6.56,0.1517
44,25.024975,102.760375,35,25.01759,102.720254,6.65,0.1142
44,25.024975,102.760375,14,25.044113,102.70872,6.66,0.1596
44,25.024975,102.760375,8,25.017778,102.718046,6.88,0.1172
44,25.024975,102.760375,20,25.039458,102.708842,6.93,0.1557
44,25.024975,102.760375,27,25.03954,102.708709,6.93,0.1557
44,25.024975,102.760375,12,25.036139,102.711831,7.01,0.1472
44,25.024975,102.760375,45,25.035975,102.712825,7.1,0.1485
44,25.024975,102.760375,50,25.065918,102.723109,7.17,0.1529
44,25.024975,102.760375,19,25.049371,102.707042,7.18,0.1531
44,25.024975,102.760375,54,24.976499,102.763515,7.45,0.1502
44,25.024975,102.760375,11,24.975782,102.761436,7.52,0.1524
44,25.024975,102.760375,65,25.045393,102.699744,7.53,0.1742
44,25.024975,102.760375,21,25.054849,102.704789,7.82,0.1711
44,25.024975,102.760375,29,25.048151,102.698887,7.98,0.1668
44,25.024975,102.760375,25,25.044307,102.698815,8.01,0.166
44,25.024975,102.760375,16,25.007315,102.709421,9.1,0.1685
44,25.024975,102.760375,52,25.020036,102.709004,9.24,0.1719
44,25.024975,102.760375,39,25.006938,102.710096,9.26,0.1725
44,25.024975,102.760375,51,24.951159,102.762866,10.5,0.2026
44,25.024975,102.760375,10,25.008485,102.683689,10.68,0.2223
44,25.024975,102.760375,15,24.946946,102.766473,10.7,0.1976
44,25.024975,102.760375,64,24.953883,102.75418,10.91,0.2182
44,25.024975,102.760375,48,24.954918,102.754512,11.04,0.2245
44,25.024975,102.760375,60,25.102171,102.731267,11.41,0.2029
44,25.024975,102.760375,33,24.967073,102.792852,11.44,0.198
44,25.024975,102.760375,63,25.103131,102.733174,11.91,0.2121
44,25.024975,102.760375,55,24.992294,102.684547,12.44,0.2375
44,25.024975,102.760375,66,24.977922,102.713,12.52,0.222
44,25.024975,102.760375,30,24.993108,102.684326,12.53,0.2459
44,25.024975,102.760375,40,25.107158,102.728729,13.19,0.2229
44,25.024975,102.760375,37,25.062727,102.656527,13.57,0.2679
44,25.024975,102.760375,28,24.985728,102.675479,13.78,0.2698
44,25.024975,102.760375,44,25.037148,102.662709,14.39,0.2293
44,25.024975,102.760375,57,24.967684,102.666279,15.82,0.3035
44,25.024975,102.760375,31,24.902825,102.788144,18.72,0.2436
44,25.024975,102.760375,61,24.903374,102.787903,18.72,0.2436
44,25.024975,102.760375,38,24.877277,102.825018,22.62,0.2748
44,25.024975,102.760375,49,24.880873,102.824558,23.4,0.2904
44,25.024975,102.760375,58,24.887839,102.825318,24.34,0.3021
44,25.024975,102.760375,43,24.856251,102.836921,24.93,0.3115
44,25.024975,102.760375,46,24.857566,102.860076,27.83,0.3882
45,25.01262,102.742707,42,25.012332,102.741341,0.24,0.0081
45,25.01262,102.742707,67,25.006243,102.735529,1.7,0.0522
45,25.01262,102.742707,18,25.030005,102.734582,2.6,0.0679
45,25.01262,102.742707,41,25.029838,102.731797,3.33,0.0862
45,25.01262,102.742707,35,25.01759,102.720254,3.38,0.0764
45,25.01262,102.742707,8,25.017778,102.718046,3.62,0.0793
45,25.01262,102.742707,47,25.029787,102.723431,4.38,0.0879
45,25.01262,102.742707,3,25.023279,102.713511,4.54,0.0977
45,25.01262,102.742707,4,25.033193,102.720373,4.72,0.1014
45,25.01262,102.742707,34,25.021039,102.723025,4.97,0.1018
45,25.01262,102.742707,22,25.01892,102.721192,5.16,0.1083
45,25.01262,102.742707,24,25.036582,102.720998,5.18,0.1012
45,25.01262,102.742707,32,25.037792,102.720133,5.25,0.1024
45,25.01262,102.742707,53,25.042435,102.722253,5.61,0.1143
45,25.01262,102.742707,54,24.976499,102.763515,5.65,0.1365
45,25.01262,102.742707,11,24.975782,102.761436,5.72,0.1388
45,25.01262,102.742707,66,24.977922,102.713,5.73,0.1528
45,25.01262,102.742707,16,25.007315,102.709421,5.85,0.1216
45,25.01262,102.742707,52,25.020036,102.709004,5.99,0.125
45,25.01262,102.742707,59,25.035963,102.712313,6.02,0.1151
45,25.01262,102.742707,26,25.032488,102.709097,6.03,0.1273
45,25.01262,102.742707,5,25.036758,102.711479,6.13,0.1168
45,25.01262,102.742707,39,25.006938,102.710096,6.24,0.1332
45,25.01262,102.742707,7,25.036777,102.709338,6.33,0.1203
45,25.01262,102.742707,1,25.038232,102.709463,6.53,0.135
45,25.01262,102.742707,6,25.038259,102.709537,6.53,0.135
45,25.01262,102.742707,23,25.038231,102.709577,6.53,0.135
45,25.01262,102.742707,2,25.038431,102.708774,6.61,0.1376
45,25.01262,102.742707,36,25.039971,102.711598,6.67,0.1321
45,25.01262,102.742707,56,25.045098,102.714254,6.84,0.1289
45,25.01262,102.742707,9,25.040698,102.708656,6.89,0.1377
45,25.01262,102.742707,30,24.993108,102.684326,7.15,0.1857
45,25.01262,102.742707,14,25.044113,102.70872,7.27,0.1543
45,25.01262,102.742707,13,25.050038,102.713552,7.34,0.1415
45,25.01262,102.742707,55,24.992294,102.684547,7.45,0.1988
45,25.01262,102.742707,20,25.039458,102.708842,7.55,0.1504
45,25.01262,102.742707,27,25.03954,102.708709,7.55,0.1504
45,25.01262,102.742707,12,25.036139,102.711831,7.63,0.1419
45,25.01262,102.742707,45,25.035975,102.712825,7.71,0.1432
45,25.01262,102.742707,50,25.065918,102.723109,7.77,0.1613
45,25.01262,102.742707,28,24.985728,102.675479,8.03,0.2104
45,25.01262,102.742707,19,25.049371,102.707042,8.06,0.1528
45,25.01262,102.742707,65,25.045393,102.699744,8.14,0.1689
45,25.01262,102.742707,62,25.056526,102.734395,8.21,0.138
45,25.01262,102.742707,21,25.054849,102.704789,8.7,0.1708
45,25.01262,102.742707,29,25.048151,102.698887,8.85,0.1665
45,25.01262,102.742707,64,24.953883,102.75418,8.87,0.1759
45,25.01262,102.742707,25,25.044307,102.698815,8.89,0.1657
45,25.01262,102.742707,48,24.954918,102.754512,9.0,0.1822
45,25.01262,102.742707,33,24.967073,102.792852,9.13,0.1611
45,25.01262,102.742707,51,24.951159,102.762866,9.22,0.1807
45,25.01262,102.742707,15,24.946946,102.766473,9.41,0.1756
45,25.01262,102.742707,10,25.008485,102.683689,10.18,0.1882
45,25.01262,102.742707,44,25.037148,102.662709,11.12,0.1915
45,25.01262,102.742707,37,25.062727,102.656527,13.93,0.237
45,25.01262,102.742707,60,25.102171,102.731267,14.23,0.2323
45,25.01262,102.742707,63,25.103131,102.733174,14.73,0.2415
45,25.01262,102.742707,57,24.967684,102.666279,15.32,0.2694
45,25.01262,102.742707,40,25.107158,102.728729,16.0,0.2522
45,25.01262,102.742707,31,24.902825,102.788144,18.33,0.2283
45,25.01262,102.742707,61,24.903374,102.787903,18.33,0.2283
45,25.01262,102.742707,38,24.877277,102.825018,22.22,0.2595
45,25.01262,102.742707,49,24.880873,102.824558,23.01,0.275
45,25.01262,102.742707,58,24.887839,102.825318,23.95,0.2868
45,25.01262,102.742707,43,24.856251,102.836921,24.54,0.2962
45,25.01262,102.742707,46,24.857566,102.860076,27.44,0.3729
46,25.71946,100.145884,160,25.696139,100.15365,2.88,0.0397
46,25.71946,100.145884,157,25.69363,100.154677,3.11,0.0433
46,25.71946,100.145884,133,25.697354,100.158586,3.81,0.0555
46,25.71946,100.145884,127,25.697619,100.166,3.9,0.083
46,25.71946,100.145884,166,25.697894,100.166793,3.98,0.0856
46,25.71946,100.145884,109,25.698963,100.146312,4.05,0.0738
46,25.71946,100.145884,153,25.695907,100.161771,4.09,0.065
46,25.71946,100.145884,104,25.695575,100.160825,4.13,0.0662
46,25.71946,100.145884,116,25.69853,100.16858,4.19,0.0925
46,25.71946,100.145884,131,25.694325,100.160575,4.21,0.0689
46,25.71946,100.145884,155,25.686317,100.160683,4.22,0.062
46,25.71946,100.145884,150,25.693804,100.159769,4.23,0.0695
46,25.71946,100.145884,99,25.693633,100.159593,4.27,0.0709
46,25.71946,100.145884,108,25.693458,100.163131,4.28,0.061
46,25.71946,100.145884,147,25.686642,100.1622,4.28,0.0638
46,25.71946,100.145884,123,25.693775,100.160975,4.32,0.0727
46,25.71946,100.145884,135,25.693592,100.161106,4.32,0.0727
46,25.71946,100.145884,100,25.69292,100.16122,4.4,0.0754
46,25.71946,100.145884,120,25.690698,100.162504,4.4,0.0639
46,25.71946,100.145884,139,25.691206,100.16211,4.44,0.065
46,25.71946,100.145884,161,25.691539,100.16197,4.44,0.065
46,25.71946,100.145884,98,25.692005,100.160724,4.47,0.0777
46,25.71946,100.145884,142,25.691987,100.1617,4.47,0.0777
46,25.71946,100.145884,102,25.694445,100.16571,4.6,0.0688
46,25.71946,100.145884,140,25.69031,100.160254,4.61,0.0821
46,25.71946,100.145884,148,25.694603,100.166096,4.64,0.07
46,25.71946,100.145884,156,25.694657,100.166185,4.64,0.07
46,25.71946,100.145884,146,25.697649,100.170379,4.67,0.0947
46,25.71946,100.145884,103,25.695204,100.1671,4.78,0.0733
46,25.71946,100.145884,107,25.695807,100.168898,5.66,0.0953
46,25.71946,100.145884,97,25.716706,100.190012,6.11,0.1304
46,25.71946,100.145884,112,25.71801,100.191644,6.33,0.1358
46,25.71946,100.145884,122,25.716088,100.192756,6.33,0.1358
46,25.71946,100.145884,141,25.685777,100.164988,6.65,0.0988
46,25.71946,100.145884,164,25.688472,100.16352,6.92,0.1079
46,25.71946,100.145884,114,25.68885,100.163414,7.03,0.1116
46,25.71946,100.145884,144,25.689068,100.163193,7.03,0.1116
46,25.71946,100.145884,151,25.688754,100.163468,7.03,0.1116
46,25.71946,100.145884,152,25.693388,100.206151,8.8,0.1755
46,25.71946,100.145884,154,25.69223,100.206925,8.86,0.1775
46,25.71946,100.145884,134,25.69218,100.208144,9.17,0.188
46,25.71946,100.145884,162,25.691091,100.206281,9.17,0.188
46,25.71946,100.145884,137,25.638402,100.192785,10.32,0.129
46,25.71946,100.145884,101,25.852753,100.130512,16.46,0.2238
46,25.71946,100.145884,136,25.852824,100.131063,16.52,0.2258
46,25.71946,100.145884,132,25.854775,100.134375,17.2,0.2485
46,25.71946,100.145884,158,25.854084,100.133331,17.2,0.2485
46,25.71946,100.145884,106,25.856484,100.137726,17.26,0.2506
46,25.71946,100.145884,124,25.598195,100.222731,17.52,0.2378
46,25.71946,100.145884,119,25.585238,100.224872,18.0,0.252
46,25.71946,100.145884,117,25.60014,100.238121,18.19,0.2592
46,25.71946,100.145884,143,25.601035,100.237032,18.47,0.2571
46,25.71946,100.145884,118,25.596479,100.239607,19.91,0.3077
46,25.71946,100.145884,111,25.588299,100.245556,20.02,0.2796
46,25.71946,100.145884,163,25.588606,100.246458,20.03,0.2799
46,25.71946,100.145884,159,25.591225,100.251443,20.11,0.2725
46,25.71946,100.145884,110,25.592909,100.251404,20.14,0.2727
46,25.71946,100.145884,165,25.592047,100.251568,20.14,0.2727
46,25.71946,100.145884,105,25.592808,100.257943,21.09,0.2878
46,25.71946,100.145884,129,25.601041,100.260683,21.65,0.2984
46,25.71946,100.145884,130,25.917964,100.189932,46.68,0.5504
46,25.71946,100.145884,113,25.91599,100.191719,47.82,0.5661
46,25.71946,100.145884,138,25.916344,100.191246,47.82,0.5661
46,25.71946,100.145884,128,25.912243,100.193338,48.05,0.5691
46,25.71946,100.145884,149,25.907909,100.19374,48.66,0.5767
46,25.71946,100.145884,125,25.907038,100.193927,48.71,0.5773
46,25.71946,100.145884,121,25.906725,100.194175,48.73,0.5775
46,25.71946,100.145884,126,25.905825,100.195075,48.79,0.5783
46,25.71946,100.145884,145,25.906001,100.19514,48.79,0.5783
47,24.90399,102.788995,31,24.902825,102.788144,0.55,0.0138
47,24.90399,102.788995,61,24.903374,102.787903,0.55,0.0138
47,24.90399,102.788995,58,24.887839,102.825318,6.52,0.1213
47,24.90399,102.788995,49,24.880873,102.824558,6.57,0.1258
47,24.90399,102.788995,38,24.877277,102.825018,8.39,0.1171
47,24.90399,102.788995,51,24.951159,102.762866,9.09,0.1744
47,24.90399,102.788995,15,24.946946,102.766473,9.29,0.1693
47,24.90399,102.788995,33,24.967073,102.792852,9.3,0.1451
47,24.90399,102.788995,43,24.856251,102.836921,10.7,0.1538
47,24.90399,102.788995,64,24.953883,102.75418,11.84,0.1762
47,24.90399,102.788995,48,24.954918,102.754512,11.93,0.1812
47,24.90399,102.788995,54,24.976499,102.763515,12.02,0.1906
47,24.90399,102.788995,11,24.975782,102.761436,12.09,0.1929
47,24.90399,102.788995,46,24.857566,102.860076,13.6,0.2304
47,24.90399,102.788995,66,24.977922,102.713,17.25,0.2456
47,24.90399,102.788995,18,25.030005,102.734582,17.98,0.234
47,24.90399,102.788995,42,25.012332,102.741341,18.09,0.2398
47,24.90399,102.788995,35,25.01759,102.720254,18.79,0.228
47,24.90399,102.788995,8,25.017778,102.718046,19.02,0.2309
47,24.90399,102.788995,41,25.029838,102.731797,19.05,0.2466
47,24.90399,102.788995,28,24.985728,102.675479,19.6,0.2821
47,24.90399,102.788995,24,25.036582,102.720998,19.67,0.2545
47,24.90399,102.788995,32,25.037792,102.720133,19.74,0.2556
47,24.90399,102.788995,47,25.029787,102.723431,19.77,0.2486
47,24.90399,102.788995,3,25.023279,102.713511,19.94,0.2493
47,24.90399,102.788995,53,25.042435,102.722253,20.09,0.2676
47,24.90399,102.788995,4,25.033193,102.720373,20.11,0.262
47,24.90399,102.788995,67,25.006243,102.735529,20.32,0.2622
47,24.90399,102.788995,34,25.021039,102.723025,20.36,0.2624
47,24.90399,102.788995,22,25.01892,102.721192,20.55,0.2689
47,24.90399,102.788995,59,25.035963,102.712313,20.55,0.2693
47,24.90399,102.788995,57,24.967684,102.666279,20.62,0.2991
47,24.90399,102.788995,5,25.036758,102.711479,20.66,0.271
47,24.90399,102.788995,7,25.036777,102.709338,20.86,0.2744
47,24.90399,102.788995,1,25.038232,102.709463,21.06,0.2891
47,24.90399,102.788995,6,25.038259,102.709537,21.06,0.2891
47,24.90399,102.788995,23,25.038231,102.709577,21.06,0.2891
47,24.90399,102.788995,2,25.038431,102.708774,21.14,0.2917
47,24.90399,102.788995,30,24.993108,102.684326,21.2,0.288
47,24.90399,102.788995,36,25.039971,102.711598,21.2,0.2862
47,24.90399,102.788995,16,25.007315,102.709421,21.24,0.2822
47,24.90399,102.788995,26,25.032488,102.709097,21.34,0.2878
47,24.90399,102.788995,56,25.045098,102.714254,21.37,0.283
47,24.90399,102.788995,62,25.056526,102.734395,21.37,0.2719
47,24.90399,102.788995,52,25.020036,102.709004,21.38,0.2856
47,24.90399,102.788995,39,25.006938,102.710096,21.4,0.2863
47,24.90399,102.788995,9,25.040698,102.708656,21.42,0.2919
47,24.90399,102.788995,14,25.044113,102.70872,21.8,0.3085
47,24.90399,102.788995,13,25.050038,102.713552,21.87,0.2956
47,24.90399,102.788995,20,25.039458,102.708842,22.08,0.3045
47,24.90399,102.788995,27,25.03954,102.708709,22.08,0.3045
47,24.90399,102.788995,12,25.036139,102.711831,22.16,0.296
47,24.90399,102.788995,45,25.035975,102.712825,22.24,0.2973
47,24.90399,102.788995,19,25.049371,102.707042,22.59,0.3069
47,24.90399,102.788995,65,25.045393,102.699744,22.67,0.3231
47,24.90399,102.788995,50,25.065918,102.723109,22.83,0.3109
47,24.90399,102.788995,21,25.054849,102.704789,23.23,0.3249
47,24.90399,102.788995,29,25.048151,102.698887,23.38,0.3207
47,24.90399,102.788995,25,25.044307,102.698815,23.42,0.3198
47,24.90399,102.788995,10,25.008485,102.683689,23.45,0.2968
47,24.90399,102.788995,55,24.992294,102.684547,24.16,0.2958
47,24.90399,102.788995,44,25.037148,102.662709,26.53,0.3431
47,24.90399,102.788995,60,25.102171,102.731267,27.39,0.3661
47,24.90399,102.788995,63,25.103131,102.733174,27.89,0.3753
47,24.90399,102.788995,40,25.107158,102.728729,29.17,0.3861
47,24.90399,102.788995,37,25.062727,102.656527,29.34,0.3886
47,24.90399,102.788995,68,24.671241,102.915366,39.17,0.4463
48,25.058416,103.693247,75,25.036577,103.66915,3.86,0.0997
49,25.589133,100.261731,105,25.592808,100.257943,0.71,0.0166
49,25.589133,100.261731,129,25.601041,100.260683,1.77,0.0399
49,25.589133,100.261731,111,25.588299,100.245556,2.61,0.0523
49,25.589133,100.261731,163,25.588606,100.246458,2.62,0.0526
49,25.589133,100.261731,159,25.591225,100.251443,2.71,0.0452
49,25.589133,100.261731,110,25.592909,100.251404,2.73,0.0455
49,25.589133,100.261731,165,25.592047,100.251568,2.73,0.0455
49,25.589133,100.261731,118,25.596479,100.239607,3.47,0.0787
49,25.589133,100.261731,117,25.60014,100.238121,4.02,0.075
49,25.589133,100.261731,119,25.585238,100.224872,4.65,0.0788
49,25.589133,100.261731,143,25.601035,100.237032,4.95,0.0981
49,25.589133,100.261731,124,25.598195,100.222731,6.35,0.1014
49,25.589133,100.261731,137,25.638402,100.192785,12.42,0.1881
49,25.589133,100.261731,147,25.686642,100.1622,17.65,0.2687
49,25.589133,100.261731,141,25.685777,100.164988,17.68,0.2696
49,25.589133,100.261731,155,25.686317,100.160683,17.71,0.2705
49,25.589133,100.261731,164,25.688472,100.16352,17.95,0.2787
49,25.589133,100.261731,107,25.695807,100.168898,17.98,0.3034
49,25.589133,100.261731,114,25.68885,100.163414,18.06,0.2824
49,25.589133,100.261731,144,25.689068,100.163193,18.06,0.2824
49,25.589133,100.261731,151,25.688754,100.163468,18.06,0.2824
49,25.589133,100.261731,116,25.69853,100.16858,18.36,0.3141
49,25.589133,100.261731,146,25.697649,100.170379,18.37,0.313
49,25.589133,100.261731,108,25.693458,100.163131,18.75,0.2747
49,25.589133,100.261731,120,25.690698,100.162504,18.87,0.2776
49,25.589133,100.261731,139,25.691206,100.16211,18.91,0.2787
49,25.589133,100.261731,161,25.691539,100.16197,18.91,0.2787
49,25.589133,100.261731,102,25.694445,100.16571,19.06,0.2825
49,25.589133,100.261731,148,25.694603,100.166096,19.11,0.2837
49,25.589133,100.261731,156,25.694657,100.166185,19.11,0.2837
49,25.589133,100.261731,103,25.695204,100.1671,19.24,0.287
49,25.589133,100.261731,133,25.697354,100.158586,19.44,0.2838
49,25.589133,100.261731,153,25.695907,100.161771,19.72,0.2933
49,25.589133,100.261731,104,25.695575,100.160825,19.76,0.2945
49,25.589133,100.261731,131,25.694325,100.160575,19.84,0.2972
49,25.589133,100.261731,150,25.693804,100.159769,19.86,0.2978
49,25.589133,100.261731,99,25.693633,100.159593,19.9,0.2992
49,25.589133,100.261731,123,25.693775,100.160975,19.95,0.301
49,25.589133,100.261731,135,25.693592,100.161106,19.95,0.301
49,25.589133,100.261731,100,25.69292,100.16122,20.04,0.3037
49,25.589133,100.261731,98,25.692005,100.160724,20.1,0.306
49,25.589133,100.261731,142,25.691987,100.1617,20.1,0.306
49,25.589133,100.261731,152,25.693388,100.206151,20.14,0.359
49,25.589133,100.261731,154,25.69223,100.206925,20.2,0.361
49,25.589133,100.261731,140,25.69031,100.160254,20.24,0.3104
49,25.589133,100.261731,160,25.696139,100.15365,20.29,0.2902
49,25.589133,100.261731,127,25.697619,100.166,20.46,0.3178
49,25.589133,100.261731,134,25.69218,100.208144,20.51,0.3714
49,25.589133,100.261731,162,25.691091,100.206281,20.51,0.3714
49,25.589133,100.261731,157,25.69363,100.154677,20.52,0.2938
49,25.589133,100.261731,166,25.697894,100.166793,20.54,0.3204
49,25.589133,100.261731,97,25.716706,100.190012,21.43,0.3733
49,25.589133,100.261731,109,25.698963,100.146312,21.47,0.3244
49,25.589133,100.261731,112,25.71801,100.191644,21.64,0.3786
49,25.589133,100.261731,122,25.716088,100.192756,21.64,0.3786
49,25.589133,100.261731,101,25.852753,100.130512,38.26,0.5292
49,25.589133,100.261731,136,25.852824,100.131063,38.32,0.5312
49,25.589133,100.261731,132,25.854775,100.134375,39.0,0.5539
49,25.589133,100.261731,158,25.854084,100.133331,39.0,0.5539
49,25.589133,100.261731,106,25.856484,100.137726,39.07,0.556
49,25.589133,100.261731,130,25.917964,100.189932,48.6,0.599
49,25.589133,100.261731,113,25.91599,100.191719,49.03,0.6069
49,25.589133,100.261731,138,25.916344,100.191246,49.03,0.6069
49,25.589133,100.261731,128,25.912243,100.193338,49.26,0.6098
49,25.589133,100.261731,149,25.907909,100.19374,49.87,0.6175
49,25.589133,100.261731,125,25.907038,100.193927,49.92,0.6181
49,25.589133,100.261731,121,25.906725,100.194175,49.94,0.6183
